A,B,elig,cooc,P_B_given_A,baseline_B,risk_ratio,A_desc,B_desc
D40,B10,107,6,0.056074766355140186,0.010046885465505693,5.581308411214954,Fire Protection,Superstructure
D50,B10,269,13,0.048327137546468404,0.010046885465505693,4.810161090458489,Electrical,Superstructure
C30,B10,109,5,0.045871559633027525,0.010046885465505693,4.565749235474007,Interior Finishes,Superstructure
E20,D50,1073,893,0.8322460391425909,0.1854877868558279,4.486796965179502,Furnishings,Electrical
E20,F10,163,38,0.2331288343558282,0.05384880911287539,4.329322007236118,Furnishings,Special Construction
E20,B20,1004,505,0.5029880478087649,0.11629477475449507,4.325113048893225,Furnishings,Exterior Enclosure
C10,B10,209,9,0.0430622009569378,0.010046885465505693,4.286124401913876,Interior Construction,Superstructure
E20,D20,1073,924,0.8611369990680335,0.20913400573557814,4.117632596569807,Furnishings,Plumbing
E20,D30,1071,900,0.8403361344537815,0.20517278012787082,4.095748636490936,Furnishings,HVAC
E20,D40,1043,563,0.5397890699904123,0.13421561338289964,4.021805335348462,Furnishings,Fire Protection
D40,D50,1712,1231,0.7190420560747663,0.1854877868558279,3.8764927236619005,Fire Protection,Electrical
C30,D50,2371,1698,0.7161535217207929,0.1854877868558279,3.860920084606055,Interior Finishes,Electrical
C10,D50,4300,3062,0.7120930232558139,0.1854877868558279,3.839029163733,Interior Construction,Electrical
C30,E20,2171,881,0.4058037770612621,0.10695574391958086,3.794127946661589,Interior Finishes,Furnishings
D10,D50,368,258,0.7010869565217391,0.1854877868558279,3.7796933609794237,Conveying,Electrical
E10,D20,2413,1904,0.789059262329051,0.20913400573557814,3.772984023108659,Equipment,Plumbing
C10,D20,4342,3397,0.7823583602026716,0.20913400573557814,3.7409428344802933,Interior Construction,Plumbing
D30,D20,5602,4359,0.7781149589432346,0.20913400573557814,3.720652488849931,HVAC,Plumbing
D10,D20,376,292,0.776595744680851,0.20913400573557814,3.7133881787869165,Conveying,Plumbing
C30,D20,2379,1845,0.7755359394703657,0.20913400573557814,3.708320589674578,Interior Finishes,Plumbing
D20,D30,5546,4211,0.7592859718716192,0.20517278012787082,3.7007149359598563,Plumbing,HVAC
C30,D30,2377,1800,0.7572570466975179,0.20517278012787082,3.6908260746165693,Interior Finishes,HVAC
D10,B30,309,76,0.2459546925566343,0.06683933715675133,3.6797895224457773,Conveying,Roofing
E10,B10,109,4,0.03669724770642202,0.010046885465505693,3.652599388379205,Equipment,Superstructure
E10,D30,2417,1811,0.7492759619362847,0.20517278012787082,3.651926739352607,Equipment,HVAC
E10,F10,667,131,0.19640179910044978,0.05384880911287539,3.647282128166686,Equipment,Special Construction
E20,C10,1067,846,0.7928772258669166,0.2174002047082907,3.647085921242832,Furnishings,Interior Construction
E20,C30,1047,702,0.670487106017192,0.18384975296927658,3.646929599787051,Furnishings,Interior Finishes
D50,D20,4658,3546,0.7612709317303564,0.20913400573557814,3.6401106986535767,Electrical,Plumbing
F20,D50,52,35,0.6730769230769231,0.1854877868558279,3.6286859339158455,Selective Building Demolition,Electrical
E10,D50,2396,1561,0.6515025041736227,0.1854877868558279,3.512374131025721,Equipment,Electrical
D20,D50,5498,3576,0.6504183339396145,0.1854877868558279,3.5065291627268063,Plumbing,Electrical
C20,D50,217,141,0.6497695852534562,0.1854877868558279,3.503031634953387,Stairs,Electrical
D10,D30,380,273,0.718421052631579,0.20517278012787082,3.501541735623185,Conveying,HVAC
D50,D30,4665,3312,0.7099678456591639,0.20517278012787082,3.460341304615004,Electrical,HVAC
C10,D30,4347,3077,0.7078444904531861,0.20517278012787082,3.4499921968792973,Interior Construction,HVAC
E20,G20,281,62,0.2206405693950178,0.06396951516134262,3.449151816119328,Furnishings,Site Improvements
B20,E20,1242,453,0.3647342995169082,0.10695574391958086,3.410142234073459,Exterior Enclosure,Furnishings
D40,E20,1364,497,0.36436950146627567,0.10695574391958086,3.4067314957880344,Fire Protection,Furnishings
D50,C10,4583,3374,0.7361989962906393,0.2174002047082907,3.386376739058167,Electrical,Interior Construction
F10,D50,134,84,0.6268656716417911,0.1854877868558279,3.3795522727813245,Special Construction,Electrical
D20,B10,236,8,0.03389830508474576,0.010046885465505693,3.374011299435028,Plumbing,Superstructure
B20,F10,248,45,0.1814516129032258,0.05384880911287539,3.3696495037220844,Exterior Enclosure,Special Construction
D50,D40,4502,2022,0.4491337183474012,0.13421561338289964,3.3463596896590655,Electrical,Fire Protection
D40,D20,1709,1193,0.6980690462258631,0.20913400573557814,3.337903100792119,Fire Protection,Plumbing
D40,B20,1479,573,0.38742393509127787,0.11629477475449507,3.3313958938323065,Fire Protection,Exterior Enclosure
C30,C10,2346,1699,0.7242114236999148,0.2174002047082907,3.331236162687461,Interior Finishes,Interior Construction
D40,C10,1619,1166,0.7201976528721433,0.2174002047082907,3.3127735727687573,Fire Protection,Interior Construction
C30,B20,2196,840,0.3825136612021858,0.11629477475449507,3.2891732410995593,Interior Finishes,Exterior Enclosure
F10,D20,134,92,0.6865671641791045,0.20913400573557814,3.282905435509022,Special Construction,Plumbing
D10,C10,367,261,0.7111716621253406,0.2174002047082907,3.271255715143398,Conveying,Interior Construction
B20,D20,1514,1035,0.6836195508586526,0.20913400573557814,3.2688110594648947,Exterior Enclosure,Plumbing
B20,D30,1504,1005,0.668218085106383,0.20517278012787082,3.2568554400341325,Exterior Enclosure,HVAC
C30,D40,2303,1002,0.435084672166739,0.13421561338289964,3.241684489609262,Interior Finishes,Fire Protection
D40,D30,1700,1129,0.6641176470588235,0.20517278012787082,3.236870147418786,Fire Protection,HVAC
B20,D50,1470,878,0.5972789115646259,0.1854877868558279,3.220044412028413,Exterior Enclosure,Electrical
D30,D50,5560,3287,0.5911870503597122,0.1854877868558279,3.1872020275880364,HVAC,Electrical
D20,C10,5466,3722,0.6809366995975119,0.2174002047082907,3.132180581481964,Plumbing,Interior Construction
E10,C10,2392,1628,0.6806020066889632,0.2174002047082907,3.130641057133319,Equipment,Interior Construction
E10,B20,2181,793,0.3635946813388354,0.11629477475449507,3.1264919864749263,Equipment,Exterior Enclosure
F20,D20,52,34,0.6538461538461539,0.20913400573557814,3.126445895522388,Selective Building Demolition,Plumbing
C30,F10,422,71,0.16824644549763032,0.05384880911287539,3.1244227731194556,Interior Finishes,Special Construction
C10,D40,4275,1783,0.4170760233918129,0.13421561338289964,3.1075074864945065,Interior Construction,Fire Protection
F10,E10,129,73,0.5658914728682171,0.18214955586226422,3.1067408876699454,Special Construction,Equipment
C20,D20,211,137,0.6492890995260664,0.20913400573557814,3.104655779161067,Stairs,Plumbing
C10,B20,4006,1435,0.3582126809785322,0.11629477475449507,3.0802130339453315,Interior Construction,Exterior Enclosure
D30,B30,4719,969,0.2053401144310235,0.06683933715675133,3.072144685538409,HVAC,Roofing
D50,E20,4120,1353,0.3283980582524272,0.10695574391958086,3.070410678451706,Electrical,Furnishings
B30,D30,871,547,0.6280137772675086,0.20517278012787082,3.0609020206096957,Roofing,HVAC
E10,D40,2335,959,0.4107066381156317,0.13421561338289964,3.060051120460473,Equipment,Fire Protection
C10,E20,3890,1269,0.3262210796915167,0.10695574391958086,3.0500566658374106,Interior Construction,Furnishings
C20,C10,206,136,0.6601941747572816,0.2174002047082907,3.0367688735304337,Stairs,Interior Construction
B20,G30,112,8,0.07142857142857142,0.02373678025851939,3.009193776520509,Exterior Enclosure,Site Mechanical Utilities
D50,B20,4174,1453,0.3481073310972688,0.11629477475449507,2.993318761157957,Electrical,Exterior Enclosure
D30,F10,839,135,0.16090584028605484,0.05384880911287539,2.98810396992757,HVAC,Special Construction
C10,C30,4202,2289,0.5447405997144217,0.18384975296927658,2.9629661770905624,Interior Construction,Interior Finishes
E20,C20,437,70,0.16018306636155608,0.05426743953627823,2.951734368349411,Furnishings,Stairs
F10,E20,111,35,0.3153153153153153,0.10695574391958086,2.9480914606362636,Special Construction,Furnishings
B30,F20,148,17,0.11486486486486487,0.039051269765213226,2.941386171447521,Roofing,Selective Building Demolition
B20,B30,1116,219,0.19623655913978494,0.06683933715675133,2.9359441234369483,Exterior Enclosure,Roofing
D20,F10,1065,168,0.15774647887323945,0.05384880911287539,2.929433008306248,Plumbing,Special Construction
D50,C30,4438,2367,0.5333483551149166,0.18384975296927658,2.9010012061536212,Electrical,Interior Finishes
D30,B20,5109,1704,0.33352906635349383,0.11629477475449507,2.867962615324659,HVAC,Exterior Enclosure
D20,B20,5061,1677,0.33135743924125666,0.11629477475449507,2.849289144252364,Plumbing,Exterior Enclosure
F10,D30,134,78,0.582089552238806,0.20517278012787082,2.837070062978274,Special Construction,HVAC
D10,D40,340,129,0.37941176470588234,0.13421561338289964,2.8268824702493447,Conveying,Fire Protection
C20,D30,206,119,0.5776699029126213,0.20517278012787082,2.815528953463502,Stairs,HVAC
D30,C10,5519,3377,0.6118862112701576,0.2174002047082907,2.8145613390345763,HVAC,Interior Construction
F20,D30,52,30,0.5769230769230769,0.20517278012787082,2.8118889677447383,Selective Building Demolition,HVAC
C20,E20,183,55,0.3005464480874317,0.10695574391958086,2.8100075514729728,Stairs,Furnishings
E10,C30,2270,1171,0.5158590308370044,0.18384975296927658,2.8058728527267065,Equipment,Interior Finishes
F10,D40,128,48,0.375,0.13421561338289964,2.7940117438510965,Special Construction,Fire Protection
D40,C30,1545,793,0.5132686084142395,0.18384975296927658,2.7917829647560777,Fire Protection,Interior Finishes
F10,B20,128,41,0.3203125,0.11629477475449507,2.75431549419308,Special Construction,Exterior Enclosure
D20,E20,4920,1448,0.2943089430894309,0.10695574391958086,2.751688991202935,Plumbing,Furnishings
B20,C10,1479,883,0.597025016903313,0.2174002047082907,2.7462026436654274,Exterior Enclosure,Interior Construction
B20,D40,1374,505,0.3675400291120815,0.13421561338289964,2.7384297537987456,Exterior Enclosure,Fire Protection
E10,E20,2168,633,0.29197416974169743,0.10695574391958086,2.7298596507470454,Equipment,Furnishings
D20,D40,5354,1958,0.365707881957415,0.13421561338289964,2.7247789786878083,Plumbing,Fire Protection
C20,D40,200,73,0.365,0.13421561338289964,2.7195047640150674,Stairs,Fire Protection
B30,D20,877,497,0.5667046750285063,0.20913400573557814,2.70976818444834,Roofing,Plumbing
E20,E10,1032,508,0.49224806201550386,0.18214955586226422,2.702438991329336,Furnishings,Equipment
D40,F10,428,62,0.14485981308411214,0.05384880911287539,2.6901210160555955,Fire Protection,Special Construction
D20,C30,5312,2618,0.4928463855421687,0.18384975296927658,2.6807019187266956,Plumbing,Interior Finishes
B20,C30,1354,661,0.4881831610044313,0.18384975296927658,2.6553375956181586,Exterior Enclosure,Interior Finishes
D30,E20,4943,1400,0.2832288084159417,0.10695574391958086,2.648093482748333,HVAC,Furnishings
C20,C30,202,98,0.48514851485148514,0.18384975296927658,2.6388314752457624,Stairs,Interior Finishes
D10,E10,341,163,0.4780058651026393,0.18214955586226422,2.6242494132903205,Conveying,Equipment
D20,B30,4684,820,0.17506404782237403,0.06683933715675133,2.6191768989541977,Plumbing,Roofing
E20,D10,529,90,0.17013232514177692,0.06516359637063514,2.6108492259098846,Furnishings,Conveying
G20,D10,159,27,0.16981132075471697,0.06516359637063514,2.6059230952949606,Site Improvements,Conveying
C30,C20,1021,144,0.14103819784524976,0.05426743953627823,2.598946975395155,Interior Finishes,Stairs
C20,D10,124,21,0.1693548387096774,0.06516359637063514,2.5989179256839523,Stairs,Conveying
D20,E10,5192,2455,0.47284283513097075,0.18214955586226422,2.5959044088392926,Plumbing,Equipment
F10,C10,128,72,0.5625,0.2174002047082907,2.5873940677966103,Special Construction,Interior Construction
B20,G20,230,38,0.16521739130434782,0.06396951516134262,2.5827519700225934,Exterior Enclosure,Site Improvements
C30,E10,2174,1022,0.47010119595216193,0.18214955586226422,2.580852825727655,Interior Finishes,Equipment
D10,E20,254,70,0.2755905511811024,0.10695574391958086,2.57667836323327,Conveying,Furnishings
D10,B20,273,81,0.2967032967032967,0.11629477475449507,2.5513037651919817,Conveying,Exterior Enclosure
D30,C30,5366,2515,0.4686917629519195,0.18384975296927658,2.549319514344103,HVAC,Interior Finishes
D40,F20,131,13,0.09923664122137404,0.039051269765213226,2.5411885917669648,Fire Protection,Selective Building Demolition
E10,B30,1976,335,0.1695344129554656,0.06683933715675133,2.536446652034777,Equipment,Roofing
C10,F10,886,121,0.136568848758465,0.05384880911287539,2.536153556751751,Interior Construction,Special Construction
C10,G20,1588,256,0.16120906801007556,0.06396951516134262,2.520092072035833,Interior Construction,Site Improvements
D10,C30,325,150,0.46153846153846156,0.18384975296927658,2.5104111051788576,Conveying,Interior Finishes
D30,E10,5141,2344,0.4559424236529858,0.18214955586226422,2.503121248331537,HVAC,Equipment
D50,F10,1149,154,0.134029590948651,0.05384880911287539,2.4889982370400126,Electrical,Special Construction
C10,E10,4098,1856,0.45290385553928747,0.18214955586226422,2.4864395270980464,Interior Construction,Equipment
F20,D40,51,17,0.3333333333333333,0.13421561338289964,2.483565994534308,Selective Building Demolition,Fire Protection
D20,F20,744,72,0.0967741935483871,0.039051269765213226,2.4781318028893726,Plumbing,Selective Building Demolition
D50,F20,448,43,0.09598214285714286,0.039051269765213226,2.4578494741454864,Electrical,Selective Building Demolition
D40,G20,547,86,0.15722120658135283,0.06396951516134262,2.4577520430600837,Fire Protection,Site Improvements
C30,G20,803,126,0.1569115815691158,0.06396951516134262,2.4529118467344415,Interior Finishes,Site Improvements
D40,E10,1582,703,0.4443742098609355,0.18214955586226422,2.4396118220401117,Fire Protection,Equipment
C30,B30,1872,305,0.16292735042735043,0.06683933715675133,2.4375967410516637,Interior Finishes,Roofing
G20,E20,212,55,0.25943396226415094,0.10695574391958086,2.425619726035632,Site Improvements,Furnishings
G20,D50,323,145,0.44891640866873067,0.1854877868558279,2.420193891351214,Site Improvements,Electrical
D50,G20,1825,282,0.15452054794520548,0.06396951516134262,2.41553414240325,Electrical,Site Improvements
B20,E10,1322,572,0.43267776096822996,0.18214955586226422,2.3753983857935252,Exterior Enclosure,Equipment
D30,D40,5448,1730,0.31754772393538916,0.13421561338289964,2.365952186423102,HVAC,Fire Protection
G20,C10,265,136,0.5132075471698113,0.2174002047082907,2.3606580677255447,Site Improvements,Interior Construction
D50,E10,4382,1880,0.42902784116841625,0.18214955586226422,2.3553603473666094,Electrical,Equipment
D40,C20,770,97,0.12597402597402596,0.05426743953627823,2.321355624118055,Fire Protection,Stairs
B30,B20,785,209,0.2662420382165605,0.11629477475449507,2.2893723194237463,Roofing,Exterior Enclosure
F10,C30,126,53,0.42063492063492064,0.18384975296927658,2.287927581307186,Special Construction,Interior Finishes
C20,B20,177,46,0.2598870056497175,0.11629477475449507,2.2347264199819286,Stairs,Exterior Enclosure
D10,G20,141,20,0.14184397163120568,0.06396951516134262,2.217368246006706,Conveying,Site Improvements
F20,E10,52,21,0.40384615384615385,0.18214955586226422,2.2171130307423295,Selective Building Demolition,Equipment
G20,D20,301,139,0.46179401993355484,0.20913400573557814,2.208124969008777,Site Improvements,Plumbing
D30,G20,1303,181,0.13891020721412126,0.06396951516134262,2.171506331785769,HVAC,Site Improvements
D30,B10,230,5,0.021739130434782608,0.010046885465505693,2.163768115942029,HVAC,Superstructure
D30,C20,1716,200,0.11655011655011654,0.05426743953627823,2.1476988327817055,HVAC,Stairs
B30,G20,146,20,0.136986301369863,0.06396951516134262,2.141430977307846,Roofing,Site Improvements
D20,G20,1754,239,0.1362599771949829,0.06396951516134262,2.1300767537679586,Plumbing,Site Improvements
B20,F20,145,12,0.08275862068965517,0.039051269765213226,2.11922995557436,Exterior Enclosure,Selective Building Demolition
D40,D10,995,137,0.13768844221105528,0.06516359637063514,2.112965672243072,Fire Protection,Conveying
F10,B30,93,13,0.13978494623655913,0.06683933715675133,2.0913574577907026,Special Construction,Roofing
F10,C20,80,9,0.1125,0.05426743953627823,2.0730662983425416,Special Construction,Stairs
D50,D10,3079,415,0.13478402078596946,0.06516359637063514,2.0683944455635905,Electrical,Conveying
B30,F10,81,9,0.1111111111111111,0.05384880911287539,2.0633903133903133,Roofing,Special Construction
D30,F20,633,51,0.08056872037914692,0.039051269765213226,2.0631523856598726,HVAC,Selective Building Demolition
F10,D10,90,12,0.13333333333333333,0.06516359637063514,2.0461322081575246,Special Construction,Conveying
G20,D30,277,116,0.4187725631768953,0.20517278012787082,2.0410727140115843,Site Improvements,HVAC
F20,C10,52,23,0.4423076923076923,0.2174002047082907,2.034532087498189,Selective Building Demolition,Interior Construction
D40,G40,74,1,0.013513513513513514,0.006645817044566067,2.0333863275039747,Fire Protection,Site Electrical Utilities
D50,C20,2312,250,0.10813148788927336,0.05426743953627823,1.9925666074034425,Electrical,Stairs
G20,F10,84,9,0.10714285714285714,0.05384880911287539,1.9896978021978022,Site Improvements,Special Construction
D20,C20,2167,232,0.1070604522381172,0.05426743953627823,1.972830359290241,Plumbing,Stairs
C30,F20,184,14,0.07608695652173914,0.039051269765213226,1.948386236329688,Interior Finishes,Selective Building Demolition
E10,F20,396,30,0.07575757575757576,0.039051269765213226,1.9399516638780443,Equipment,Selective Building Demolition
E10,G20,740,91,0.12297297297297298,0.06396951516134262,1.9223683759805437,Equipment,Site Improvements
B30,C30,778,273,0.3508997429305913,0.18384975296927658,1.9086223248242857,Roofing,Interior Finishes
C10,D10,3092,382,0.12354463130659767,0.06516359637063514,1.8959148694603194,Interior Construction,Conveying
B30,D50,832,292,0.35096153846153844,0.1854877868558279,1.8921005226846905,Roofing,Electrical
C10,C20,1976,202,0.10222672064777327,0.05426743953627823,1.8837579499109014,Interior Construction,Stairs
C20,E10,190,65,0.34210526315789475,0.18214955586226422,1.878155900729091,Stairs,Equipment
C30,D10,1456,176,0.12087912087912088,0.06516359637063514,1.8550099689340196,Interior Finishes,Conveying
B30,E10,667,225,0.3373313343328336,0.18214955586226422,1.8519470593050085,Roofing,Equipment
C10,B30,3566,437,0.12254627033090297,0.06683933715675133,1.8334453264177049,Interior Construction,Roofing
C30,G40,84,1,0.011904761904761904,0.006645817044566067,1.791316526610644,Interior Finishes,Site Electrical Utilities
E10,D10,1621,189,0.11659469463294263,0.06516359637063514,1.7892611999156638,Equipment,Conveying
B20,C20,382,37,0.0968586387434555,0.05426743953627823,1.784838930510158,Exterior Enclosure,Stairs
D20,D10,4078,474,0.11623344776851398,0.06516359637063514,1.7837175085826387,Plumbing,Conveying
B20,D10,754,86,0.11405835543766578,0.06516359637063514,1.7503385600286516,Exterior Enclosure,Conveying
G20,C30,251,80,0.3187250996015936,0.18384975296927658,1.7336172306680024,Site Improvements,Interior Finishes
E20,B30,763,88,0.11533420707732635,0.06683933715675133,1.725543848629813,Furnishings,Roofing
C20,G20,109,12,0.11009174311926606,0.06396951516134262,1.721003244148324,Stairs,Site Improvements
G20,C20,121,11,0.09090909090909091,0.05426743953627823,1.6752050895697306,Site Improvements,Stairs
B30,C10,824,299,0.3628640776699029,0.2174002047082907,1.669106421297058,Roofing,Interior Construction
E10,C20,989,89,0.08998988877654196,0.05426743953627823,1.6582667165710476,Equipment,Stairs
G20,D40,281,62,0.2206405693950178,0.13421561338289964,1.6439262454924601,Site Improvements,Fire Protection
C10,F20,483,30,0.062111801242236024,0.039051269765213226,1.5905193765956636,Interior Construction,Selective Building Demolition
B30,C20,144,12,0.08333333333333333,0.05426743953627823,1.5356046654389195,Roofing,Stairs
D30,D10,4112,411,0.09995136186770429,0.06516359637063514,1.5338527557503818,HVAC,Conveying
D10,C20,123,10,0.08130081300813008,0.05426743953627823,1.4981508931111411,Conveying,Stairs
G20,B20,249,43,0.17269076305220885,0.11629477475449507,1.4849400019628478,Site Improvements,Exterior Enclosure
D50,B30,3507,348,0.09923011120615911,0.06683933715675133,1.4846064522370273,Electrical,Roofing
B30,D10,601,58,0.09650582362728785,0.06516359637063514,1.4809775549892232,Roofing,Conveying
F10,G20,66,6,0.09090909090909091,0.06396951516134262,1.4211314667588433,Special Construction,Site Improvements
D40,B30,1155,107,0.09264069264069263,0.06683933715675133,1.3860205169813709,Fire Protection,Roofing
B30,E20,609,90,0.1477832512315271,0.10695574391958086,1.3817233728245966,Roofing,Furnishings
G20,B30,208,19,0.09134615384615384,0.06683933715675133,1.3666525990814244,Site Improvements,Roofing
D10,F10,82,6,0.07317073170731707,0.05384880911287539,1.3588180112570356,Conveying,Special Construction
D20,G30,569,18,0.03163444639718805,0.02373678025851939,1.332718509109259,Plumbing,Site Mechanical Utilities
D50,G40,231,2,0.008658008658008658,0.006645817044566067,1.3027756557168322,Electrical,Site Electrical Utilities
F20,C30,51,11,0.21568627450980393,0.18384975296927658,1.1731659739888125,Selective Building Demolition,Interior Finishes
G20,E10,259,54,0.2084942084942085,0.18214955586226422,1.1446319893959296,Site Improvements,Equipment
B30,D40,772,102,0.13212435233160622,0.13421561338289964,0.9844186455019407,Roofing,Fire Protection
D40,G30,91,2,0.02197802197802198,0.02373678025851939,0.9259057773909259,Fire Protection,Site Mechanical Utilities
D30,G40,184,1,0.005434782608695652,0.006645817044566067,0.8177749360613811,HVAC,Site Electrical Utilities
D50,G30,419,8,0.01909307875894988,0.02373678025851939,0.8043668328646707,Electrical,Site Mechanical Utilities
D20,G40,192,1,0.005208333333333333,0.006645817044566067,0.7837009803921569,Plumbing,Site Electrical Utilities
C20,B30,157,8,0.050955414012738856,0.06683933715675133,0.7623566627125345,Stairs,Roofing
C30,G30,172,3,0.01744186046511628,0.02373678025851939,0.7348031314759382,Interior Finishes,Site Mechanical Utilities
D30,G30,482,8,0.016597510373443983,0.02373678025851939,0.6992317489010312,HVAC,Site Mechanical Utilities
E20,F20,71,1,0.014084507042253521,0.039051269765213226,0.3606670699040871,Furnishings,Selective Building Demolition
E10,G30,213,1,0.004694835680751174,0.02373678025851939,0.19778738437224005,Equipment,Site Mechanical Utilities
C10,G30,309,1,0.003236245954692557,0.02373678025851939,0.13633887660610722,Interior Construction,Site Mechanical Utilities
C10,G40,151,0,0.0,0.006645817044566067,0.0,Interior Construction,Site Electrical Utilities
B30,G30,81,0,0.0,0.02373678025851939,0.0,Roofing,Site Mechanical Utilities
E10,G40,107,0,0.0,0.006645817044566067,0.0,Equipment,Site Electrical Utilities
B20,D90,639,0,0.0,0.0,,Exterior Enclosure,General
B30,D90,227,0,0.0,0.0,,Roofing,General
C10,D90,2718,0,0.0,0.0,,Interior Construction,General
C20,D90,145,0,0.0,0.0,,Stairs,General
C30,D90,1339,0,0.0,0.0,,Interior Finishes,General
D10,D90,208,0,0.0,0.0,,Conveying,General
D20,D90,2915,0,0.0,0.0,,Plumbing,General
D20,G10,81,0,0.0,0.0,,Plumbing,Site Preparation
D30,D90,2418,0,0.0,0.0,,HVAC,General
D30,G10,68,0,0.0,0.0,,HVAC,Site Preparation
D40,D90,1080,0,0.0,0.0,,Fire Protection,General
D50,D90,3102,0,0.0,0.0,,Electrical,General
D50,G10,71,0,0.0,0.0,,Electrical,Site Preparation
E10,D90,1336,0,0.0,0.0,,Equipment,General
E20,D90,582,0,0.0,0.0,,Furnishings,General
F10,D90,106,0,0.0,0.0,,Special Construction,General
G20,D90,219,0,0.0,0.0,,Site Improvements,General
