SystemCode,DescriptiveCode,ComponentDescription,n_upm,n_ppm,upm_lab_median,ppm_lab_median,upm_lab_mean,ppm_lab_mean,lab_premium_median,lab_premium_mean,upm_cost_mean,ppm_cost_mean,cost_premium_mean
D50,D5020ELF,Exit Lighting Fixture,4287,190787,1.5,0.08,3.059517144856543,0.12373430404936744,18.75,24.726507077906692,115.57838534484473,2.175167883903823,53.13538610059541
D50,D5010VFD,Variable Frequency Drive,1208,11461,2.5,0.5,6.754428807947019,1.175987261146497,5.0,5.743624128514769,902.5526391272231,79.95212588769157,11.288663423347057
D50,D5020FLE,"Flood Light, Exterior",5334,20042,2.0,0.5,10.524771278590178,1.8389946113162359,4.0,5.723111538133988,721.2622543794513,98.1117060337531,7.351439329077791
D30,D3020STR,Steam Trap,2231,12729,2.0,0.5,5.694002689376961,1.0638133396181946,4.0,5.352445280880341,128.5594925670244,38.046776319898605,3.378985159901374
D50,D5020ELP,Emergency Lighting Pack,3717,95774,1.5,0.08,3.394073177293516,0.6484912745978381,18.75,5.233799297297177,166.6921330002557,33.51444653145797,4.973739692934864
D30,D3020FUR,"Furnace, Gas/Oil/Electric",1410,13219,1.25,0.25,2.9725319148936173,0.624099906699952,5.0,4.762910365764114,129.62719531648466,24.591957045150636,5.271121573549033
D30,D3020GBO,Gas Boiler,387,764,1.5,0.0,2.5441343669250642,0.581217277486911,,4.377251787705775,211.02398723959993,104.88115015825005,2.0120296823709136
D30,D3050HEE,"Heater Electric, Convector",346,1330,2.0,0.5,2.586705202312139,0.6203834586466166,4.0,4.169526389299784,247.42171561264968,0.0,
D30,D3050RHP,"Radiant Heating Panel, Electric",545,424,2.0,1.0,4.792623853211009,1.252311320754717,2.0,3.8270227009707862,28.250339119008462,8.14096469343651,3.4701463748865944
D20,D2020CLP,"Circulator Pump, Hot Water/Cold Water",3387,24350,2.0,0.5,4.40448774726897,1.1952090349075974,4.0,3.685119187213544,266.43933239650727,65.0304003681579,4.09715042331139
D30,D3050FCU,Fan Coil Unit,6043,51813,1.5,0.5,3.8912024932428704,1.0916306718391138,3.0,3.5645778317012713,109.88910267523688,56.54344424572989,1.9434455070984753
B20,B2030SLI,"Sliding, Motor-Operated",1376,6036,1.0,0.5,2.0596584302325582,0.5839612326043737,2.0,3.5270465147948453,115.89607156181738,4.9779306398662575,23.281977983713162
D40,D4010FSW,Fire Suppression System Water Pump,1426,34481,1.5,0.5,2.9098877980364657,0.8461883356051159,3.0,3.43881813964687,201.2398969267039,38.363945148045474,5.245547509520315
E10,E1020LEH,Laboratory Exhaust Hood,10641,31885,2.0,0.5,3.663198007706043,1.111198055511996,4.0,3.296620246530387,204.73286432251479,48.00188031970731,4.265100928524692
D30,D3020PRV,Pressure Reducer Valve,1972,2121,3.0,2.0,7.490593306288033,2.434342291371994,1.5,3.077050147317754,162.21367721164617,122.50673634348567,1.324120469235502
D30,D3050TRU,Terminal Reheat Unit,367,3554,2.0,0.75,3.6998365122615806,1.2027321328081035,2.6666666666666665,3.0761932863831545,58.98361354645002,10.458001645520998,5.640046305759744
D30,D3040VAV,Variable Air Volume Box,1341,9897,2.0,0.5,3.1953989560029834,1.0436526220066689,4.0,3.061745727097464,68.7856721005661,53.07259059856008,1.2960677314747913
B20,B2030STR,"Steel 20'x20', Painted/Roll-up",4742,8933,2.0,1.0,3.214451005201743,1.079519758199933,2.0,2.9776675978230767,89.51100204003811,76.13549101492615,1.1756803672874419
D20,D2030SEP,Sewage Ejector Pump,732,573,1.5,0.5,3.8592486338797816,1.3149912739965097,3.0,2.934809310293587,135.64982686865847,104.3479760529389,1.2999756392001238
D20,D2090CAD,Compressed Air Dryer,1176,6383,2.0,0.75,3.3130442176870742,1.1352702490991695,2.6666666666666665,2.9182868311011902,182.12125633106155,49.851708098831935,3.6532601043479347
D30,D3040SUF,Supply Fan,6805,27251,2.0,0.8,3.544683810923341,1.2516285640893912,2.5,2.8320572992853013,216.3456409345762,26.68194969089623,8.108314551256067
D30,D3020RFW,"Radiator, Finned/Wall",4482,1776,2.0,0.75,3.431921017402945,1.2584628378378377,2.6666666666666665,2.7270737873351276,104.14634653780566,37.60085109465832,2.769786946460927
D20,D2020BOP,Booster Pump,796,1475,1.5,0.5,3.5189195979899495,1.3179661016949153,3.0,2.6699621435366128,176.03051155900505,19.370090944613526,9.087748326135555
E10,E1010TRA,Trash Compactor,254,239,1.0,0.5,2.4947769028871396,0.9506276150627615,2.0,2.6243471821744118,35.249832128703716,58.270910984119396,0.6049301707040478
D20,D2040SMP,Sump Pump,4318,15118,2.0,1.0,4.665224641037517,1.7977589628257706,2.0,2.5950223236292915,186.75945049873667,86.15344463032223,2.1677537247652374
D30,D3030CRP,"Circulation Pump, Chiller & Condenser Water",1789,2099,1.5,0.63,3.7728675237562883,1.5019437827536921,2.380952380952381,2.5119898408175048,301.0282656594377,68.16510026740661,4.416164055778195
D20,D2020BFP,Backflow Preventor,2977,33403,2.0,1.0,3.8113973799126635,1.5284498398347452,2.0,2.493635892117172,214.17579105698505,84.07493760922706,2.5474391911232255
D30,D3040AFT,Air Filters,3947,43522,1.75,0.5,3.202975255468288,1.2947396718900788,3.5,2.4738372701537297,147.19598793903623,184.47676240703336,0.7979107288009529
B20,B2030STS,"Steel Single, Painted/Roll-up/Automatic",254,1052,1.5,0.75,2.1887795275590554,0.8864068441064639,2.0,2.4692719174178297,101.7598478434168,13.927214355513433,7.306547113144175
D20,D2010EEW,Emergency Eye Wash,2197,7971,1.0,0.5,2.2487619481110603,0.9147083176514865,2.0,2.4584470313823714,71.37880206713541,11.336345314516873,6.29645622877512
D40,D4030FEX,Fire Extinguisher,1652,38386,1.0,0.09,1.3235653753026633,0.5597410514249987,11.11111111111111,2.364603010504781,75.22369107735548,57.8576065502401,1.30015214182833
E10,E1010DWS,Dishwasher,2848,3183,1.0,0.0,2.348219803370786,1.0159409362236884,,2.3113743325465905,109.04419337437699,57.815306787428774,1.8860782625491024
D30,D3050SEE,"Suspended Heater, Electric/Natural Gas/Hot Water",248,1272,1.0,0.75,2.0908064516129032,0.9463443396226415,1.3333333333333333,2.209350618028339,41.93235396170573,4.460898902964392,9.399978541060525
D20,D2010ESS,Emergency Shower Station,202,6945,1.0,1.0,3.058316831683168,1.403290136789057,1.0,2.1793902426201512,44.85136854391479,55.84229958037762,0.8031791111925318
D30,D3070STB,General Systems Testing & Balancing,5563,110544,1.5,0.5,3.3846395829588354,1.5618714719930527,3.0,2.167041042525611,138.7011093607016,82.74634676029152,1.6762203383130114
D30,D3040EXH,Exhaust Fan,17562,43170,1.5,0.75,3.0022594237558367,1.394190410006949,2.0,2.1534070254728492,117.52217459729945,74.91922385611775,1.5686517898663845
D30,D3020CRS,Condensate Receiver Station,3269,5706,2.0,1.0,5.655820332415621,2.7871018810608716,2.0,2.0292836694806473,243.16001814787555,228.01553061685547,1.0664186667024362
E10,E1010WIF,Walk-In Freezer/Cooler,6644,4966,2.0,1.0,3.595668272125226,1.800668546113572,2.0,1.9968518247768847,56.34702663192018,77.81296319952571,0.724134184267431
D50,D5010SWB,Switchboard,198,667,2.5,2.0,4.585858585858586,2.2968515742128934,1.25,1.9965846454097107,520.364867616932,135.63039104334717,3.8366391456515414
D30,D3040AHD,"Air Handler, Exhaust/Multizone/Single Zone",25821,129247,1.5,0.5,3.054223693892568,1.5436011667582228,3.0,1.9786352586833442,123.88758272165236,71.72861132900077,1.7271710747809093
D20,D2020WHT,"Water Heater, Condensing/Electric/Gas/Oil",9952,13106,1.5,0.5,3.658200696677385,1.8818266442850604,3.0,1.9439626427795642,199.69920406918078,113.32756101427582,1.7621415504038314
D30,D3020CRP,"Circulation Pump, Hot Water",7032,9976,1.5,0.5,3.674793325748957,1.917759623095429,3.0,1.9161907892384993,150.70678039061713,119.0223445821821,1.2662057777441753
D20,D2090AIC,Air Compressor,6293,22123,2.0,1.0,3.4489644578632346,1.819494191565339,2.0,1.8955622248488944,175.15347603146859,115.62021034698155,1.5149036271930745
D30,D3030CHP,Chilled Water Primary Pump,2650,3259,2.0,0.75,5.213047798742138,2.812749309604173,2.6666666666666665,1.8533638177217253,83.43766575252778,148.54663599611237,0.5616934048557749
D20,D2090RVO,Reverse Osmosis/Deionized Water System,3342,9607,1.5,1.0,3.125972471573908,1.6979952118247112,1.5,1.8409783783869766,100.5442992792603,85.4149325243904,1.177127889793154
D30,D3040FAN,Fan ,9994,45812,1.5,0.75,3.0627603228603832,1.6719315899764253,2.0,1.8318694025654296,146.77716404860445,67.34861914368622,2.1793641193364315
D30,D3030CON,"Condenser, Air-Cooled/Evaporative",883,2947,3.0,1.0,6.411223103057758,3.517153036986766,3.0,1.822844509646477,228.855321183941,282.1840444524329,0.8110143917882593
E10,E1020ACW,Automatic Cart Washer,141,120,2.0,1.0,3.108936170212766,1.7405000000000002,2.0,1.7862316404554817,53.38555652709476,6.827366149222851,7.819348685901599
D40,D4090FDA,Fire Damper,267,497,2.5,0.75,5.7832584269662926,3.261066398390342,3.3333333333333335,1.7734255364505613,175.2395815794515,313.2326991776956,0.5594549420909559
D50,D5010PRT,"Primary Transformer, Dry/Oil Filled",279,3273,2.0,1.0,6.195304659498207,3.5026713514614523,2.0,1.768737068898366,593.2060272164993,143.96767275096317,4.120411310965854
D20,D2010EES,Emergency Eye Wash & Shower Station,2201,24175,1.0,0.28,1.5842571558382552,0.9060810754912099,3.571428571428571,1.7484717413167343,120.68327060676349,37.42329430604549,3.2248168645930213
D50,D5010TSA,Transfer Switch Auto,356,635,1.0,1.0,3.1724157303370784,1.8244724409448818,1.0,1.7388126338012022,98.25285841448469,197.45936426472056,0.4975852058490559
D40,D4010PAF,Pipe & Fittings,2721,7832,1.0,0.54,3.3009665564130835,1.927276557711951,1.8518518518518516,1.712762261962013,128.66467952772376,119.37334276065226,1.0778342681221633
D40,D4010FSS,Fire Sprinkler System,5023,73751,1.21,0.0,3.817884398433871,2.2609277148784424,,1.688636205974032,229.865873434807,88.48535720076812,2.597784319424227
D20,D2020PRV,Pressure Reducer Valve,496,305,2.0,1.0,4.602016129032258,2.7704918032786887,2.0,1.6610827447986254,221.0503945613853,225.6430428483742,0.9796463997780999
D30,D3020STB,"Steam Boiler, Gas Fired",1719,3720,1.5,0.24,4.032879581151832,2.4517499999999997,6.25,1.6448983710214469,288.7018192216193,217.7487150420532,1.3258485551378025
D20,D2040SWD,Storm Water & Drain Lift Station,408,1213,1.0,1.0,3.5870098039215685,2.1979389942291836,1.0,1.6319878819837452,196.49498541431367,298.09156250420796,0.6591766092391156
D50,D5090GEN,"Generator, Diesel/Propane",2465,33311,1.0,1.0,2.3808843813387424,1.460139293326529,1.0,1.6305871585131766,223.07583370975647,159.54366912091854,1.3982117556835598
B20,B2030WOE,"Wood, Exterior/Painted/Glazed",11884,11467,1.0,0.5,2.068426736227982,1.2741362169704369,2.0,1.6233952921816792,58.84401548571919,68.50422951141921,0.8589836847359954
C10,C1010MVP,"Movable Partitions, Office/Fabric",169,430,2.0,1.0,4.371301775147929,2.815813953488372,2.0,1.5524114331959113,404.55670903043904,232.56154817868727,1.7395683516846916
D30,D3050ACO,Air Conditioner,26051,55472,1.5,1.0,3.139758294627206,2.1869880299971154,1.5,1.4356540829495748,119.80457030172192,84.04675808795679,1.4254514157029565
E10,E1030VEH,General Vehicular Equipment,3736,22298,2.5,1.0,5.086753211991435,3.5892689927347745,2.5,1.4172114774032807,805.2283915951464,672.5186765892773,1.1973323858883966
D30,D3090OTH,General Other HVAC Systems & Equipment,6813,25686,1.5,1.0,3.42052595528157,2.4155874795608505,1.5,1.4160223896769888,105.69943690827675,134.9330544376626,0.7833472483727743
D30,D3050SCC,Secondary Coil,1432,1330,4.0,1.0,8.930935754189944,6.335984962406015,4.0,1.409557599517807,170.43832539720933,515.2730861000891,0.33077280765272216
D20,D2040PAF,Pipe & Fittings,1255,815,1.0,1.0,4.234844621513944,3.0198159509202456,1.0,1.402351895062822,40.4918467859091,365.39980094348397,0.11081518567157603
B20,B2020WOW,Wood Frame Operable Window,1935,475,2.0,1.0,3.867627906976744,2.763157894736842,2.0,1.3997129568106312,73.24758977248807,214.62544736235196,0.3412810115140924
D30,D3050UNH,Unit Heater,18185,17137,1.0,0.56,2.4020113646778483,1.791931493260197,1.7857142857142856,1.3404593723098681,76.81390975495913,140.25379319177222,0.5476779487163653
D10,D1010ELH,Elevator Hydraulic,1425,8833,1.0,0.5,1.1371157894736843,0.8582180459639986,2.0,1.324973058794647,131.85314819175753,179.0207866541552,0.7365242364088178
E20,E2020MFU,General Movable Furnishings,2816,5158,1.0,0.5,2.8241796874999996,2.15991921933566,2.0,1.3075394960227498,123.97497353702308,146.50668930649132,0.846206914673145
D30,D3020EXT,Expansion Tank,326,646,2.0,0.5,4.370061349693252,3.3437770897832815,4.0,1.3069236472268808,192.8994932130525,342.6471340463214,0.5629683544557971
D30,D3040SDM,Steel Damper,2797,2159,2.0,0.75,4.050557740436181,3.115479388605836,2.6666666666666665,1.3001394762071556,196.2968066142042,145.31407254484535,1.3508451258471548
E10,E1020ATL,"Autoclave, Top Loading Vertical",2246,4114,1.5,1.0,2.7262689225289405,2.1050145843461348,1.5,1.2951306574323718,55.551017416203265,154.84862653357837,0.35874401123058863
D10,D1090DRL,Dock Ramp Leveler,301,170,1.0,1.0,2.277906976744186,1.7970588235294118,1.0,1.2675750770753245,391.0498330992967,149.05894655036784,2.62345764644968
D30,D3040HUM,Humidifier,4060,2195,2.0,1.0,3.6734055829228245,2.9589840546697035,2.0,1.241441493111685,189.76295860434013,219.02976495610295,0.8663797755632512
D40,D4030FDO,Fire Doors,4018,9868,1.0,1.0,1.9709274929483989,1.6131728820429672,1.0,1.2217707815992798,58.17843659106167,109.2359740477813,0.5325941119508271
D30,D3020FWP,Feed Water Pump,172,474,1.0,0.5,3.322674418604651,2.8006962025316455,2.0,1.1863744506102345,94.11299656635839,97.94572146756934,0.960868888974594
E10,E1010FRZ,"Freezer/Cooler, Commercial/Reach-In",13309,6204,1.0,0.5,2.4537232950133996,2.072277562862669,2.0,1.1840707726545072,76.6696652969476,195.79009691087884,0.39159113002455204
E10,E1010KEH,Kitchen Exhaust Hood,1405,1664,1.0,0.5,2.221423487544484,1.9064242788461538,2.0,1.1652303803479573,98.30661866136217,428.62027891434496,0.2293559672686594
E10,E1020SGE,"Steam Generator, Autoclave",579,3623,1.0,1.0,2.1609671848013816,1.907165332597295,1.0,1.133078054569314,11.131932965795636,17.624594401040273,0.6316135686582715
D30,D3050HTP,Heat Pump,3233,2612,1.5,1.0,3.775954222084751,3.3582082695252677,1.5,1.124395486828617,331.9210568375941,247.27333895051143,1.3423244828833885
D20,D2020FCV,"Flow Control Valve, Motorized",172,321,2.0,2.0,5.411337209302325,4.892367601246106,1.0,1.1060773944958746,747.3011329814864,362.30491853873957,2.0626303832570825
E10,E1020SEL,"Sink, Epoxy Resin, Laboratory",727,259,1.0,1.0,2.0683402109124254,1.8787644787644788,1.0,1.1009044690224377,79.7527550202885,126.34140970911118,0.6312479432033525
B20,B2020GBW,Glass Block Window,1425,153,1.0,1.0,1.7882456140350877,1.6316993464052287,1.0,1.095940632675219,65.90669055960146,557.3891840997366,0.11824178229444873
G40,G4020PEX,"Pole Light, Exterior",2146,1603,2.0,2.0,4.018786890338614,3.6814098565190267,1.0,1.0916434319917303,103.18386420016834,297.18207784672825,0.3472075602532985
D20,D2040ROD,Roof Drain,1502,1343,2.0,1.5,5.381948513093652,5.0290394638868205,1.3333333333333333,1.070174245348649,419.0218383649587,397.690643755275,1.0536376576734607
D30,D3020PIN,Pipe Insulation,772,897,2.0,1.0,5.44956390328152,5.093552582683018,2.0,1.0698945018863384,71.58411652182328,217.3626151751769,0.3293303977969358
E10,E1010ICE,Icemaker,3999,3241,1.5,1.0,2.2858589647411853,2.1708299907435977,1.5,1.0529884765219157,56.07663902920074,104.17308923078976,0.5383025447672578
B30,B3020ROH,"Roof Hatch, Aluminum",434,376,1.5,1.0,3.4073041474654375,3.24468085106383,1.5,1.0501199667598398,142.7109868427007,167.14229985475586,0.8538292638471194
D30,D3060HVA,HVAC Control Panel,69991,14903,1.75,1.0,3.7787924637929646,3.6345872195754767,1.75,1.0396758243799502,209.2482476770093,214.17750653785203,0.9769851701958647
E10,E1090OEQ,General Other Equipment,4311,12358,1.0,0.5,3.917337044769195,3.770426714139289,2.0,1.038963847269325,129.19787475015457,294.36282776599387,0.43890689504063835
D30,D3030COT,Cooling Tower,3309,5726,2.5,1.0,5.794599576911454,5.622224938875306,2.5,1.0306595057846675,262.2522595440378,100.986476060882,2.5969047517405506
D20,D2020PIN,Pipe Insulation,458,233,3.0,2.0,6.365720524017467,6.281115879828326,1.5,1.013469683700765,399.91553647860303,582.976330639411,0.6859893197378595
E10,E1020DCS,Dust Collection System,133,531,1.5,1.0,3.1962406015037597,3.1713747645951034,1.5,1.0078407122318862,364.5012125453447,214.44648154977295,1.6997304404863556
D20,D2010DRF,Drinking Fountain,14773,10108,1.0,1.0,2.4185387756943975,2.4161614562722593,1.0,1.0009839240734375,80.10939803473848,146.08488866669785,0.5483756654496501
D30,D3030PIN,Pipe Insulation,471,510,2.0,1.0,4.004670912951168,4.0222549019607845,2.0,0.9956283255442004,29.47799041836643,476.94419681444987,0.06180595259414496
D50,D5090MRE,"Meter, Electrical",603,3559,1.0,1.0,2.4632835820895527,2.5014489088695324,1.0,0.9847427118560548,99.36220605677012,111.35727725416625,0.8922830057166529
D30,D3040DEH,Dehumidifier & Control,721,779,1.25,1.0,2.7752565880721223,2.8370261018399656,1.25,0.9782273720612643,149.5216939280127,152.80366135933286,0.978521670213109
E10,E1010CFB,Coffee Brewer,207,156,1.0,1.0,2.857487922705314,2.9246794871794872,1.0,0.977026007544173,184.58142891795103,220.42612649932673,0.837384532629415
D50,D5010CBE,Circuit Breaker,10855,5218,1.0,0.5,2.090266236757255,2.1786527405136065,2.0,0.9594306600071038,109.81286131848614,137.32419058297958,0.7996614496855933
D20,D2020CVL,Check Valve,201,106,3.0,2.5,6.802935323383084,7.172169811320755,1.2,0.9485184403533139,348.11001079787087,540.1273611480326,0.6444961611608941
D50,D5030ASR,Alarm Siren,9649,4078,1.0,0.75,2.4459909489757146,2.6175085826385485,1.3333333333333333,0.9344729431641682,139.1185356143454,201.63727428286418,0.6899445358460103
D50,D5030CSS,Camera Security System,488,312,2.0,2.0,4.636065573770491,4.9653205128205125,1.0,0.9336890864950447,426.0678448002407,124.71080890114997,3.4164468064508875
D50,D5090UPS,Uninterruptible Power Supply,293,1732,1.5,3.0,3.4324232081911266,3.702280600461894,0.5,0.9271104971791981,147.5638148906552,255.7727662718332,0.5769332561928254
E20,E2010FFU,General Fixed Furnishings,35287,19876,1.0,1.0,3.155518085036038,3.4113533910243508,1.0,0.9250047483613267,86.79070647076428,159.3445421071401,0.5446732302409701
D50,D5030KEY,Keypad,3868,871,0.5,1.0,1.2256058255773872,1.3310562571756601,0.5,0.9207768784904509,57.266246977773605,97.77701454317031,0.5856820976313357
D20,D2020WSF,Water Softener,2223,13527,1.0,1.0,2.9628639976008397,3.306265247283212,1.0,0.896136206868294,107.22115885890548,120.76496768100301,0.8878498534618657
D20,D2020WST,Water Storage Tank,626,936,1.5,0.5,3.174696485623003,3.5525320512820513,3.0,0.8936433056183988,237.66977865058308,319.2089374187161,0.7445586598310823
D50,D5020CFL,"Compact Fluorescent Lighting Fixture, Ballast",24191,8750,1.0,0.75,2.095307070122497,2.377742095238095,1.3333333333333333,0.8812171321350492,65.42808485776078,164.9514506003665,0.39665055760119156
D20,D2030PAF,Pipe & Fittings,20256,7510,1.0,0.5,3.0092267311743024,3.42790412782956,2.0,0.8778619876628957,132.50552538704628,382.4540776294128,0.3464612698297347
D30,D3030ECO,"Evaporative Cooler, Direct/Indirect",707,497,1.5,1.0,2.903611504007544,3.3319919517102616,1.5,0.8714341289201385,49.97203070246944,250.29174990971,0.19965512535070093
C10,C1020DRH,Door Hardware,132400,46697,1.0,0.75,2.087346525679758,2.4026562605734845,1.3333333333333333,0.868766190125563,93.47931276621168,179.9109026877569,0.5195867030273815
E10,E1020VAC,Vacuum Pump,1148,5491,1.5,1.0,3.696881533101045,4.256264796940449,1.5,0.868574139409393,179.19645142780075,208.2154165461563,0.8606300839788069
B20,B2010CON,"Concrete, Exterior/Painted",1711,2129,1.5,1.0,4.576982271576076,5.35955847815876,1.5,0.8539849486162276,98.6286418076852,200.30653242723778,0.49238854376111013
D30,D3040VEN,Ventilator,13665,4181,1.75,1.5,2.833797292352726,3.4361109782348724,1.1666666666666667,0.8247106424392746,135.47879612795998,218.96420502482925,0.6187257689566086
D30,D3020PAF,Pipe & Fittings,19153,8684,2.0,1.0,4.295573887467586,5.2810720750806075,2.0,0.8133905060180456,144.80524214066097,194.55907395591547,0.7442739071294713
C30,C3010CIW,Concrete Interior Wall Finish,17310,21206,1.5,1.75,6.516490082803774,8.364182306894275,0.8571428571428571,0.779094697330124,145.8784268232172,362.2041286952288,0.4027519712398541
D50,D5020REC,Receptacle,17046,6874,1.0,1.5,2.245083890648832,2.8851081369411307,0.6666666666666666,0.7781628223575462,102.53357053734291,159.60478065488027,0.6424216750690902
D30,D3020HEX,Heat Exchanger,4371,4048,1.0,1.0,3.9913330282925346,5.209790019762846,1.0,0.7661216696165852,293.80184324248245,589.2315219092877,0.4986186792764853
B20,B2030ALD,"Aluminium Double, Painted/Roll-up",719,164,1.5,1.0,2.3623783031988874,3.0929878048780486,1.5,0.763785198077117,5.241226933285168,5.34464614831866,0.9806499416119391
D50,D5030ISB,Intercom Substation,242,282,0.225,0.5,1.275206611570248,1.695921985815603,0.45,0.7519252785422058,92.34852989229131,115.03841479745074,0.8027625385388896
D20,D2030FLD,Floor Drain,13664,3367,2.0,2.0,3.092547570257612,4.143210573210573,1.0,0.7464133226183571,152.44154384110038,283.7707504026761,0.5371996360610913
D20,D2010UVC,"Urinal, Vitreous China",16182,2135,1.5,1.5,2.0138359494088083,2.734285714285714,1.0,0.7365126251756353,88.95347796854828,188.1219353410013,0.4728501107927993
C30,C3010WOP,"Wood Interior Paneling, Finished",376,243,1.0,1.0,2.0132978723404253,2.742798353909465,1.0,0.7340305821136135,6.310220101315683,74.26611562794825,0.08496768745692934
B20,B2030STD,"Steel Double, Painted/Roll-up",126,161,1.0,1.5,1.5952380952380953,2.1801242236024843,0.6666666666666666,0.7317188983855651,86.53624344643974,175.97475695015729,0.49175373187729465
D50,D5020FLF,Fluorescent Lighting Fixture,98098,47167,1.0,1.0,2.458986523680401,3.361669670179009,1.0,0.7314777372368833,101.01032715799985,234.13474032909966,0.4314196475756643
D50,D5030SMD,Smoke Detector,7796,51424,1.0,1.5,2.1209184197024116,2.9480549937772245,0.6666666666666666,0.7194297339022716,111.97569602918257,9.693775339543487,11.551298860043097
D50,D5010PPB,Power Panel Board,2094,2706,1.0,2.0,2.400329512893983,3.3536400591278643,0.5,0.7157385618533565,47.96283410174727,241.7376052475211,0.19840865906087282
D30,D3060THE,Thermostat,59498,6234,2.0,1.5,2.6174582899145067,3.6600898299647096,1.3333333333333333,0.71513498616501,127.6486539710205,361.2493002676729,0.3533533597890359
D30,D3060MET,"Meter, Natural Gas",114,1303,1.95,2.0,4.6798245614035086,6.588050652340752,0.975,0.710350422054019,441.91421070008965,313.04540497406293,1.4116617068271742
E10,E1010DGE,"Disposal, Garbage, Electric",3181,428,0.75,0.5,1.077915749764225,1.5210280373831775,1.5,0.708675792471718,94.67331271780638,356.7380296110987,0.26538609528402507
B30,B3010COR,Concrete Roof,10561,4690,2.0,3.0,5.083290723731969,7.314968102345416,0.6666666666666666,0.6949163212484961,208.06864522319995,353.02996832226444,0.5893795538436098
G30,G3010FHY,Fire Hydrant,698,897,1.0,1.0,4.109527220630373,5.922173913043479,1.0,0.6939220767527976,103.2276479456806,310.8194193126083,0.3321145383193025
D50,D5020OCS,Occupancy Sensors,1399,569,1.5,1.75,2.553459614010007,3.696836555360281,0.8571428571428571,0.6907147707970972,96.9808303155309,302.98047567683443,0.32008937242204594
D30,D3040DCW,Ductwork,3181,1589,2.0,2.0,3.486753641412554,5.054820641913153,1.0,0.6897878062183596,134.46687459763422,318.53005423739637,0.42214815465236377
D50,D5030HDA,Handicap Door Access Interface,6313,1428,1.0,1.0,1.9718380062305296,2.859908963585434,1.0,0.6894757949772148,116.92892164583343,341.62228159782944,0.34227545433786
E10,E1010APP,Appliances,14430,7763,1.0,1.5,1.7786382536382537,2.5941053716346776,0.6666666666666666,0.6856461087073897,116.83695360021143,309.15411516433755,0.3779246268098493
E10,E1010MIO,Microwave Oven,2665,1526,0.75,1.0,1.3933358348968103,2.0759829619921364,0.75,0.6711692053386362,83.2845659450424,202.37573447340932,0.41153434803709327
D30,D3020VND,"Valve, Non-Drain",5914,780,2.0,2.0,4.913057152519445,7.355615384615385,1.0,0.667932850702789,151.71167148899534,661.4032119013071,0.2293784922103362
D50,D5010MOS,Motor Starter,734,184,3.0,3.0,5.0551089918256125,7.663804347826086,1.0,0.6596083044916907,691.5005496654113,726.5449010181826,0.9517657459247735
D50,D5020WDS,"Wiring Device, Switch",8698,2782,1.5,2.0,3.072135356787001,4.679295470884256,0.75,0.6565380143020662,166.82237742218487,318.79528774943714,0.5232899726965284
D20,D2010SNK,Sink,70346,10102,1.0,1.5,1.86571167277931,2.85291757407774,0.6666666666666666,0.6539662027853843,80.86909090765614,232.3388065087689,0.3480653624886551
B20,B2030MWM,Metal Wire Mesh Door,442,587,1.0,1.5,1.6212217194570133,2.5090630323679726,0.6666666666666666,0.6461462699591715,96.66145740298403,168.1713936502043,0.5747794277309696
D30,D3030PAF,Pipe & Fittings,4670,6550,1.5,2.0,4.997861570306924,7.82636437659033,0.75,0.6385930081732681,144.71659081911355,292.80357427020687,0.49424461835826244
B10,B1010CDK,Concrete Decking,271,214,2.0,3.5,3.4981549815498156,5.537149532710281,0.5714285714285714,0.6317609739243517,3.9302485252353354,206.46705414462758,0.019035717545920164
D50,D5030MGL,Magnetic Lock,311,420,1.25,1.0,2.112218649517685,3.3908333333333336,1.25,0.6229202210423254,131.6117291921781,287.6311503393548,0.45757119504232807
D50,D5020GFC,Grounded Fault Circuit Interruptor,729,502,1.5,2.0,2.8558847736625514,4.625,0.75,0.6174885997108219,57.61500871987595,324.12406790004246,0.17775603364833742
F10,F1020INC,General Integrated Construction,1809,523,1.5,1.5,3.420084761378294,5.5815487571701725,1.0,0.612748344621156,0.2836067550636772,219.23247983177015,0.0012936347537614188
F10,F1040VLV,"Valve, Isolation/Solenoid",267,603,1.0,2.0,3.0818352059925096,5.031940298507463,0.5,0.6124546443658365,167.00537604079528,225.6079123227739,0.7402460947462834
D50,D5030REA,"Card Reader, Keypad",7851,2803,1.0,1.0,1.826973633931983,2.99174502318944,1.0,0.6106715711970276,112.22446815016352,248.34621666357074,0.4518871664640319
D20,D2020WFM,Water Flow Meter,332,2103,2.0,1.0,3.4367469879518073,5.653124108416547,2.0,0.6079376504108713,175.93346232983586,225.37735004974243,0.7806173170951121
C30,C3030PLC,Plaster Ceiling,10888,2571,1.75,2.0,4.013574559147686,6.704896927265656,0.875,0.5986034688805385,156.92124518887795,393.87821462096963,0.3984004176008663
C20,C2010CES,Concrete Exterior Stairs,1332,178,2.0,2.0,3.804174174174174,6.417134831460674,1.0,0.5928150606285865,42.97985035762637,331.4590368909259,0.12966866361760973
D20,D2010BSE,"Bathtub & Shower Enclosure, Fiberglass",4884,984,1.0,1.5,2.006891891891892,3.4209857723577235,0.6666666666666666,0.5866414026354613,114.15201857213478,407.79997300631754,0.2799215942330785
B20,B2030WIG,"Wrought Iron, Gate/Painted",436,193,1.0,1.0,1.9475152905198776,3.3261658031088084,1.0,0.5855135930685199,9.085271700510372,72.4578312895569,0.1253870222005913
C30,C3030VDC,Vinyl Tile Dropped Ceiling,14165,5745,1.5,2.0,2.932974232262619,5.027742367275892,0.75,0.5833580995224601,99.93316080995172,342.2205411590146,0.29201391731631104
C10,C1040INW,General Interior Windows,15402,5863,1.0,1.5,1.6090672207072674,2.797924839388254,0.6666666666666666,0.5750930825786865,88.56415391713861,281.0265152196821,0.315145187805168
G20,G2040CLF,"Chain Link Fence, Swing Gate",276,143,2.0,1.5,4.681811594202899,8.145104895104895,1.3333333333333333,0.5748006507585444,81.44500362708175,492.87132402127173,0.16524597731225824
D20,D2020HBB,Hose Bib,1781,718,1.0,1.0,2.4958113419427286,4.363022284122563,1.0,0.5720372666958897,87.66415579116568,416.9072169430242,0.21027257919391243
D20,D2010TWB,Toilet & Wash Basin,73258,9694,1.0,1.0,1.5708469609689952,2.755268550993742,1.0,0.5701248106658926,69.21709568767115,253.94460186806955,0.27256769853934965
D20,D2020VND,"Valve, Non-Drain",1317,1000,2.0,3.0,5.22081245254366,9.159889999999999,0.6666666666666666,0.5699645358780139,334.8115573820202,290.74109786842297,1.1515797382506332
D30,D3020FCV,Flow Control Valve,968,253,2.0,1.5,4.8425206611570255,8.8300395256917,1.3333333333333333,0.5484143810531457,269.04466912247557,849.406792029636,0.31674419329706577
C30,C3020VTF,Vinyl Tile Flooring,4180,2283,1.75,2.25,4.184775119617225,7.748510731493648,0.7777777777777778,0.5400747659299612,139.57903623702506,619.4023592111089,0.22534469583680225
E10,E1010CKR,Cooking Range,2453,1263,0.5,1.0,0.879453730126376,1.6664528899445765,0.5,0.5277399291831317,84.47554916473923,188.30763757677252,0.4486039453938706
D50,D5010CAB,"Cable, Copper",1946,2023,1.0,1.5,3.4899845837615624,6.7115256384906905,0.6666666666666666,0.5199986965327903,98.74958798301346,351.0435796784296,0.2813029313154571
D20,D2090SWP,Swimming Pool Filteration System,252,1607,8.0,3.5,9.201984126984126,17.846919726197886,2.2857142857142856,0.5156062933076531,15.098513528297191,728.4410153284939,0.020727160072787014
D50,D5090BAT,"Battery, UPS",3493,6109,0.5,1.75,1.4163307567515986,2.790216074643968,0.2857142857142857,0.5076061204085504,162.5670952841461,178.90637177753348,0.9086713551281173
C30,C3020COF,"Concrete Flooring, Painted",1674,1582,1.5,2.5,4.236614894464357,8.420259165613148,0.6,0.5031454271343505,182.48712202801224,508.6370449338026,0.35877670304521825
C20,C2010MER,"Metal Exterior Railing, Painted",1155,521,1.25,2.0,4.075861471861472,8.112380038387716,0.625,0.502424868235281,79.87428665192037,512.9469071355236,0.15571647969955907
D50,D5020GLF,General Lighting Fixture,2165,876,1.25,1.0,2.3599846035411858,4.719063926940639,1.25,0.5000959173424802,39.52592022000998,93.56335873858335,0.42245084777734054
C30,C3020WPF,Wood Parquetry Flooring,123,126,1.0,2.0,3.1097560975609757,6.265079365079365,0.5,0.49636340042143773,92.66934679107797,704.6731759365263,0.13150684594729797
D20,D2020PAF,Pipe & Fittings,43973,10766,1.5,2.0,4.089490458538952,8.474517307573224,0.75,0.482563231640862,215.4861610863158,334.3032756422122,0.644582858700253
D30,D3020BOI,"Boiler, Electric/Gas/Oil",6791,10118,1.0,1.0,4.068858783684289,8.530304407985769,1.0,0.47698869689517376,229.2629910040402,447.4455318241092,0.5123818983495034
C30,C3010VIN,Vinyl Interior Wall Finish,754,372,2.5,2.5,5.3600928381962865,11.523521505376344,1.0,0.46514364864034957,176.90576775449208,928.366288185799,0.19055600144658308
D20,D2010SHW,"Shower, Head/Valve/Tile/Fiberglass/Terrazzo",10469,1893,1.0,1.0,1.589038112522686,3.473755942947702,1.0,0.45744091946030224,55.513640086839324,282.9828859728865,0.19617313568622757
B30,B3010ALG,"Aluminium Gutter, Downspouts/Fittings",1108,1017,2.0,4.0,3.966768953068592,8.744001966568339,0.5,0.45365599964810915,17.705110234181625,472.8103453055274,0.03744653730607498
D50,D5030MAN,Manual Pull Station,319,101,1.0,2.0,1.6462382445141066,3.6371287128712875,0.5,0.4526202877253974,79.44208128234577,324.79764221232534,0.24458946420064598
C30,C3010PLS,"Plastic, Fiberglass Reinforced/Interior Wall Panels",1390,237,0.0,1.5,1.2364028776978417,2.9662447257383966,0.0,0.4168242987402397,25.301751597867725,127.46171369076401,0.19850471851690718
D40,D4010FAC,Fire Alarm Control Panel,25838,130832,1.25,2.0,2.7201499084036436,6.586204521829522,0.625,0.4130072030693693,132.92075483859315,56.318563751896,2.360158817688569
D50,D5030PSY,Power Supply,11235,1889,1.0,2.0,2.5807636493101915,6.472016940179989,0.5,0.39875724571858423,156.52871847584493,507.10155819012016,0.308673313950181
F10,F1040PAF,Pipe & Fittings,1687,926,1.0,1.125,2.2467219917012446,5.777408207343412,0.8888888888888888,0.38888060373603756,64.65877139069535,198.8862649390841,0.32510425700085105
C20,C2020SFI,General Stair Finishes,1276,889,1.5,2.5,3.4485684430512014,8.902058492688415,0.6,0.3873900004008777,262.76557696292906,892.5697363940444,0.2943922096490682
G20,G2030COS,Concrete Sidewalk,993,280,1.0,2.0,3.3863410540449816,8.794464285714286,0.5,0.3850537046975958,139.1483174813993,911.8495021134325,0.15260009152704399
C30,C3010PLA,Plaster,2403,2043,2.0,4.0,6.181115272575947,18.00397944199706,0.5,0.3433193918316493,396.91586737496795,1672.03314001503,0.2373851677194628
G30,G3030CBA,Catch Basins,790,301,1.0,2.5,2.8987341772151898,8.56906976744186,0.4,0.3382787462215463,4.589252246610947,275.36098429417956,0.016666312616416486
G20,G2010APR,"Asphaltic Pavement, Roadways",179,122,0.0,0.0,2.676536312849162,7.975409836065574,,0.3355985921558045,846.3529521077054,1669.8896728155532,0.506831658333867
B20,B2020AOW,"Aluminium Operable Window, Thermal Break/Glazed",8667,1976,1.0,1.0,1.8621283796777048,5.559615384615384,1.0,0.3349383457047411,46.02842784497635,412.45175412670176,0.111597119867835
C20,C2010MIR,"Metal Interior Railing, Painted",992,329,2.0,3.0,4.442802419354839,13.444285714285714,0.6666666666666666,0.33046027983725296,226.2261830506154,1491.3220260984574,0.15169505921029017
B30,B3010MET,Metal Roof,359,125,1.0,2.0,2.682961931290622,8.152,0.5,0.3291170180680351,13.76884579884917,404.7091399084275,0.03402158350553835
D50,D5030FHS,Fire Alarm Horn & Strobe,1548,787,1.0,1.5,1.4036046511627904,4.318094027954257,0.6666666666666666,0.32505189606252344,83.06234124332396,381.35117094057154,0.21781063642326695
D30,D3030CHR,Chiller,8102,9844,2.0,2.0,4.985148522998437,15.369591290803195,1.0,0.3243514045803829,317.11019332927833,491.80939853677273,0.6447827029591991
D10,D1010ELG,Elevator Geared,9367,26274,0.0,0.0,0.922307024661044,2.8806576844028315,,0.3201723792642307,206.43865581293358,77.75630272142668,2.6549443400431505
C30,C3010SHE,"Sheetrock, Stippled/Unstippled",2149,2122,2.0,5.625,5.91616100511866,19.121894439208297,0.35555555555555557,0.30939199167358267,382.38526637835565,1785.6046195708393,0.21414890070695491
D40,D4010FSH,Fire Sprinkler Head,1532,1279,1.0,7.5,3.747891644908616,12.820992963252541,0.13333333333333333,0.2923246004151786,173.522553286628,1431.415042495771,0.1212244863544814
D30,D3060DDC,Direct Digital Controls,473,569,1.5,0.5,3.2309302325581397,11.4804920913884,3.0,0.28142785229403916,1015.2487650616612,1082.8008372030572,0.9376135759962217
D50,D5030VEC,"Vehicle Control, Bollard/Gate/Barrier",248,121,1.0,2.0,2.4064516129032256,8.918595041322314,0.5,0.26982407001926545,95.18519132497855,471.6923094142271,0.20179508850416628
D50,D5030SYC,Security Control Panel,1773,243,1.0,1.5,2.3947320360970106,8.929711934156378,0.6666666666666666,0.2681757321797917,158.42178641684933,647.7975673115121,0.2445544633246016
F20,F2020HCA,General Hazardous Components Abatement,2233,3489,0.0,0.0,2.2733049708911777,8.618589853826311,,0.26376762433844336,86.275522801347,592.7331625635726,0.1455554172609562
D90,D9090PPM,Planned Preventive Maintenance,12782,39184,1.0,1.0,2.668105669430971,10.378834633183612,1.0,0.25707179695304133,17.191447723264577,1346.59413225335,0.012766614164950302
D20,D2010BES,"Bathtub, Enameled Steel",2972,340,0.75,0.75,1.2215915208613728,4.848029411764705,1.0,0.2519769203332262,34.780450061542496,257.27672015646397,0.1351869304008175
B30,B3010ASR,Asphalt Shingle Roof,421,121,1.5,3.0,3.1109263657957245,13.043388429752065,0.5,0.23850599731429284,109.70104269483211,549.343184391388,0.19969491897195163
C10,C1010TLP,"Toilet Partitions, Painted/Metal/Wood",332,191,1.75,2.5,2.680481927710843,11.660994764397905,0.7,0.229867346814579,43.66208305278101,1667.1786502038763,0.02618920476665272
C30,C3020CNY,Carpet Nylon,3470,3192,1.0,2.0,2.495507925072046,11.384220969089391,0.5,0.21920761480718678,169.41272312985856,1201.6998103555115,0.14097757332568722
D50,D5030TCC,Time Control Clock,2927,3823,1.0,1.0,2.2126135975401433,12.982260005231494,1.0,0.17043362223900313,57.51646929396927,593.1755524242635,0.09696365445086842
D50,D5010DPB,Distribution Panel Board,1494,1459,1.0,2.0,3.2651271753681397,19.530881882567968,0.5,0.16717766227864939,148.36863300047455,775.7009608207527,0.19127039992768458
D30,D3030CHW,Chilled Water Cooling System,2135,2738,2.0,2.0,5.78680093676815,40.7072315558802,1.0,0.14215658288686156,148.64319632845758,1448.5670748648265,0.10261395478861637
G10,G1040HWR,General Hazardous Waste Remediation,137,140,0.0,0.0,0.2208029197080292,1.7835,,0.12380315094366649,30.69365781831365,1357.737048951901,0.022606481749914302
G20,G2050LDS,General Landscaping,7184,8404,0.5,1.0,5.346348830734966,60.50605306996668,0.5,0.08836056162104428,1265.1029489996238,2735.2808245109077,0.4625130032949488
