UniversityID,SystemCode,n_upm,n_ppm,upm_lab_median,ppm_lab_median,upm_lab_mean,ppm_lab_mean,lab_premium_median,lab_premium_mean,upm_cost_mean,ppm_cost_mean,cost_premium_mean
1,B20,316,972,1.0,1.5,2.9169303797468356,1.9459876543209877,0.6666666666666666,1.4989459841998012,490.05649553674834,126.85630047827507,3.8630836126320234
1,B30,279,527,1.0,1.0,2.4910394265232974,1.3766603415559773,1.0,1.8094800520713683,1082.004743123623,203.30961014412975,5.321955722390943
1,C10,7902,589,1.5,2.5,2.479182485446722,12.648981324278438,0.6,0.1959985884940934,241.82315199701335,879.1522504256268,0.27506401977579964
1,C20,309,462,2.0,1.0,6.053398058252427,1.1677489177489178,2.0,5.183818170366305,665.1982675362515,73.3899685168764,9.063885446187182
1,C30,5131,140,2.0,14.25,5.2824498148509065,60.41607142857143,0.14035087719298245,0.08743451353165571,589.1913726625737,2567.4131275865566,0.2294883384102779
1,D10,487,768,0.0,0.0,2.064681724845996,0.6341145833333334,,3.2560073196749997,657.4348746377832,1419.564328093685,0.4631243978359503
1,D20,18297,12235,2.0,1.0,3.5587451494780566,4.335737637923988,2.0,0.8207934719920077,355.5160499202943,283.7400806970797,1.2529638006970276
1,D30,19136,12501,2.0,2.0,3.93090614548495,12.003099752019839,1.0,0.32749091707110667,425.1489315674397,903.2067034059265,0.4707105582412466
1,D40,1361,16332,2.0,1.5,4.144930198383541,2.1451567474895907,1.3333333333333333,1.932227191898318,564.3950504224621,226.09076756711042,2.4963206436765843
1,D50,20734,11067,2.0,1.5,3.122781421819234,2.312776723592663,1.3333333333333333,1.3502303918764416,286.2219529346225,194.0528344774399,1.4749691943711236
1,E10,1932,1855,1.0,0.0,2.862474120082816,8.775606469002696,,0.3261853331953389,338.1481196739038,811.6337188456765,0.41662650506293103
1,E20,1122,258,2.0,1.0,4.077094474153298,3.2674418604651163,2.0,1.2477940383529667,307.21969358315505,243.43187777166503,1.2620355903893652
10,B20,2338,15001,1.5,0.5,2.311197604790419,0.7386547563495768,3.0,3.1289280748862036,0.0,0.0,
10,B30,296,1512,1.5,1.0,3.162331081081081,1.759755291005291,1.5,1.797028880802253,0.0,0.0,
10,C10,12170,2235,1.25,1.75,2.0079268693508627,3.3911633109619688,0.7142857142857143,0.5921056243030878,0.0,0.0,
10,C30,5088,717,1.75,2.5,3.397975628930818,8.707461645746164,0.7,0.3902372203489203,0.0,0.0,
10,D10,263,8991,1.0,6.0,2.185361216730038,7.717739962184407,0.16666666666666666,0.28316077341785684,0.0,0.0,
10,D20,22637,55624,1.5,0.5,2.7307041569112513,1.4373189630375376,3.0,1.899859549017816,0.0,0.0,
10,D30,22416,201549,2.0,0.75,4.150036581013562,1.2214738847625144,2.6666666666666665,3.3975647230644106,0.0,0.0,
10,D40,6790,198819,1.5,0.83,3.312664212076583,4.727418858358608,1.8072289156626506,0.7007342296778759,0.0,0.0,
10,D50,35036,348175,1.25,0.08,2.195830859687179,0.6526491850362605,15.625,3.364488779014075,0.0,0.0,
10,E10,6712,19353,1.0,0.5,2.3282553635280094,0.8450400454709863,2.0,2.7552012191686694,0.0,0.0,
10,E20,1173,226,1.5,2.375,2.9901960784313726,4.510398230088495,0.631578947368421,0.6629561129400994,0.0,0.0,
10,F10,241,99,1.0,2.0,3.6483402489626555,7.0,0.5,0.5211914641375223,0.0,0.0,
10,G20,63,92,1.5,6.625,2.9126984126984126,9.766304347826088,0.22641509433962265,0.29823957035977067,0.0,0.0,
11,B20,2650,2999,1.0,1.5,1.4694264150943397,5.985098366122041,0.6666666666666666,0.24551416287689748,84.37407150683224,425.9286361845024,0.1980943856291535
11,B30,2170,3124,2.0,4.0,2.864073732718894,9.36193661971831,0.5,0.3059274858458794,118.63915050115395,478.49665172093114,0.24794144342382293
11,C10,13527,20708,0.75,0.5,1.0826458194721666,1.420022696542399,1.5,0.7624144473946026,65.23489215435694,113.15567114462027,0.5765057243218727
11,C20,187,519,2.0,4.0,2.73524064171123,13.868709055876685,0.5,0.197223882243907,164.05931757327104,835.1964569907208,0.19643200854130752
11,C30,5294,22607,1.0,2.0,2.2366037023044956,9.06409430707303,0.5,0.24675424003026925,104.50816403333168,525.2187541028493,0.1989802595907813
11,D10,1279,13501,1.0,0.5,0.8861767005473027,0.7319591141396934,2.0,1.210691531027479,48.76188070354768,116.80868292664135,0.4174508219921571
11,D20,32756,34906,1.0,1.0,1.863544388814263,3.7287480662350316,1.0,0.4997775005743173,98.56908265516061,223.2327544199054,0.44155295629130725
11,D30,27248,163846,1.0,0.5,2.1961498091603056,1.76561154987,2.0,1.2438465353956285,122.5874635108846,105.7066948138176,1.1596944141220127
11,D40,3903,6663,1.0,1.0,1.2119139123750962,3.0282110160588327,1.0,0.40020788047735933,80.99351913125669,296.73232520216317,0.27295145237741103
11,D50,20142,32633,1.0,1.0,1.6305495978552278,6.0036993227714275,1.0,0.2715908159608722,92.9395250074331,341.84279514966425,0.2718779694237601
11,E10,10966,19667,1.0,0.5,2.3978725150465072,2.2366202267758175,2.0,1.0720964097258217,151.88217793075012,186.0274400132183,0.8164504006503451
11,E20,556,3012,1.0,1.5,1.6096402877697842,6.268027888446215,0.6666666666666666,0.2568017112267187,70.23240288318132,345.87993498488106,0.20305428496813868
11,F10,523,884,1.0,2.5,1.768795411089866,7.427409502262443,0.4,0.238144323475241,82.36965998916783,348.342192358109,0.23646190957105961
11,F20,462,880,3.0,6.5,7.0311471861471855,26.007340909090907,0.46153846153846156,0.27035240591203374,342.7130788144924,1557.4821456852767,0.22004302249237154
11,G20,1122,6819,0.5,2.0,1.3836096256684491,60.84736324974336,0.25,0.022739023546337233,60.396971778421694,1890.1378187105,0.03195373965884987
11,G30,226,881,0.5,4.0,1.9413716814159292,8.750703745743472,0.125,0.22185320607616885,91.27962033722648,332.0833676570229,0.27486959368438
12,B10,309,230,1.5,2.0,3.292071197411003,3.9254347826086957,0.75,0.8386513544935822,0.0,0.0,
12,B20,15387,2526,1.0,1.0,1.7178884772860206,3.9679532858273956,1.0,0.4329407010465365,0.0,0.0,
12,B30,6455,391,1.5,1.5,2.9590188484379034,3.3306905370843993,1.0,0.8884100205323044,0.0,0.0,
12,C10,34597,9893,1.0,0.25,1.131801408599975,0.9975268708514438,4.0,1.1346074393303516,0.0,0.0,
12,C20,3131,398,1.0,1.5,3.1374108378579795,3.5976130653266334,0.6666666666666666,0.8720812329975037,0.0,0.0,
12,C30,19470,10645,1.0,1.0,2.3357147748673173,2.8660576170346017,1.0,0.8149573689603598,0.0,0.0,
12,D10,1018,833,0.0,0.0,0.5388015717092338,0.3262905162064826,,1.651294000124326,0.0,0.0,
12,D20,78938,10186,1.0,0.5,1.5756940045774321,1.8575692126448062,2.0,0.84825587862428,0.0,0.0,
12,D30,119662,19213,1.0,1.0,1.9059392288278652,2.6692820833116464,1.0,0.7140269066142536,0.0,0.0,
12,D40,12256,1450,1.0,1.0,2.0799513163620538,2.2136896551724137,1.0,0.9395857777544054,0.0,0.0,
12,D50,51207,18848,1.0,0.5,1.8416476263010917,1.9271443477645727,2.0,0.9556355383743546,0.0,0.0,
12,D90,12475,2546,1.0,2.0,2.345019372077488,4.88981408745745,0.5,0.47957229664263673,0.0,0.0,
12,E10,20420,7365,1.0,1.0,1.6173408423114592,1.6263792713283547,1.0,0.9944426068530047,0.0,0.0,
12,E20,12355,15233,1.0,0.5,1.871393497909079,1.57746230770914,2.0,1.1863316725626227,0.0,0.0,
12,F10,2731,967,1.0,1.0,2.9566764310997193,2.799844881075491,1.0,1.0560143710404362,0.0,0.0,
12,F20,1554,2403,0.0,0.0,1.023101673101673,0.5867873491468998,,1.7435646398803732,0.0,0.0,
12,G10,228,66,0.0,1.0,2.5701754385964914,1.7651515151515151,0.0,1.4560650553422183,0.0,0.0,
12,G20,4394,1526,0.0,1.0,2.2684721590047037,2.5121887287024904,0.0,0.9029863612899566,0.0,0.0,
12,G30,1308,591,0.5,0.5,2.783065749235474,2.1287648054145514,1.0,1.3073617818918728,0.0,0.0,
12,G40,1756,98,2.0,2.0,3.7254081245254365,3.3142857142857145,1.0,1.1240455548137092,0.0,0.0,
2,B20,96,506,6.005000000000001,0.0,46.61031249999999,33.83743083003953,,1.3774778804607473,3332.5568181276867,3807.2071593436362,0.875328470096232
2,B30,589,589,3.5,9.4,9.843921901528013,17.810797962648557,0.3723404255319149,0.5526940411188725,778.4899680875315,1058.1347798336901,0.7357191001791745
2,C10,3211,413,1.48,1.5,4.317374649641857,4.111065375302664,0.9866666666666667,1.050183895293566,413.1641531833708,279.9083417482896,1.4760694540318944
2,C30,790,1267,4.23,0.0,18.93720253164557,1.7102683504340965,,11.072649813603212,2110.558126066378,2385.892184620454,0.8845991196379748
2,D10,801,683,1.5,0.63,22.795518102372032,3.0236163982430457,2.380952380952381,7.539156791059205,2950.521522617884,4071.998461999366,0.7245880739279963
2,D20,10440,5543,1.5,1.0,7.94294348659004,5.328379938661374,1.5,1.4906863958701697,817.7689273042519,865.7079288071167,0.9446245091356373
2,D30,10225,9807,3.51,1.5,13.01911491442543,4.635166717650658,2.34,2.808769502259498,1499.0615337839124,520.0758301245114,2.882390311091792
2,D40,787,1249,2.0,1.0,6.843595933926302,5.712706164931945,2.0,1.197960430021142,500.7504691236954,603.6416055207096,0.8295492963771791
2,D50,4663,4534,1.97,1.33,14.187014797340769,3.3145456550507277,1.481203007518797,4.280229109447474,1183.8387661485451,423.0174495963088,2.7985577599181743
2,E10,2051,5629,1.5,1.0,8.55887372013652,4.210502753597441,1.5,2.032743883809087,1368.2858344825902,950.1850430279934,1.4400203881574667
3,B20,169,1113,1.5,0.0,2.464497041420118,2.6237646001796944,,0.9392980762265531,428.5087399923011,488.27629620923614,0.8775948030225014
3,C10,6251,12057,1.5,1.5,5.044256918892978,3.4350377374139502,1.0,1.4684720531456283,589.571911286813,459.3386368238601,1.2835234487642124
3,C20,231,708,3.5,3.0,9.0995670995671,12.74223163841808,1.1666666666666667,0.7141266426307716,796.8202646102928,1662.7357398667014,0.4792224317462332
3,C30,1182,5834,3.75,5.0,11.277284263959391,19.053265341103874,0.75,0.591881972043435,1151.846066412058,2038.075973307844,0.5651634588197345
3,D10,64,485,1.0,0.0,3.703125,1.5340206185567011,,2.413999495967742,525.2337970153958,743.7800828868726,0.7061681390778553
3,D20,12019,26453,1.5,1.0,3.570554954655129,3.955170680074094,1.5,0.9027562255766521,408.94337489713536,506.3192617370263,0.8076788812935457
3,D30,9224,49232,2.0,1.5,5.9176875542064185,4.579992687682808,1.3333333333333333,1.2920735812791004,737.549052393494,551.6388944292411,1.337014231305439
3,D40,862,8529,2.0,2.0,6.161252900232019,7.0843885566889435,1.0,0.8696943781287494,769.9551082309362,754.168406337473,1.020932595108471
3,D50,8902,28131,2.0,1.5,4.2706807458997975,4.7192829974049975,1.3333333333333333,0.9049427102057932,492.0845370045569,570.877043320929,0.8619799005088431
3,E10,3598,21360,2.0,1.5,4.2730683713173985,3.7372926029962543,1.3333333333333333,1.143359331268738,629.1123552558415,598.5733357572251,1.0510196790840725
3,E20,475,2786,2.0,1.5,5.1478947368421055,5.371769562096195,1.3333333333333333,0.9583238218493632,669.9838566157129,651.9445428892739,1.0276700126156326
3,G20,150,471,0.0,0.0,1.22,5.855626326963907,,0.20834662799129805,21832.650765289083,2216.382178684842,9.850580362563713
4,B20,1974,1809,0.5,0.0,1.2598530901722391,0.007739082365948038,,162.79101715154147,282.58895011587015,77.42088027958489,3.650035353452136
4,B30,485,4539,0.0,1.0,2.5655670103092785,1.1859660718219873,0.0,2.1632718433233293,1740.1929698301585,106.28809237723486,16.37241699337224
4,D10,5017,9397,0.0,0.0,0.16002989834562487,0.029371075875279345,,5.448554183890713,169.07173896399698,21.600892619972353,7.827071868672313
4,D20,36110,11272,0.75,1.0,1.3236344502907782,1.5763839602555003,0.75,0.8396650078044714,213.26458419539307,287.0965719541579,0.7428322210320437
4,D30,18945,16037,1.0,0.5,2.490162048033782,1.0008106254286961,2.0,2.4881450943500165,484.82316796668186,245.84365979807703,1.972079200109899
4,D40,2001,23278,1.0,0.5,4.062468765617192,1.5609704441962369,2.0,2.602527665223673,736.4738033338801,171.13860615039246,4.303376192550527
4,D50,32384,22000,0.75,1.0,1.622160634881423,2.094774090909091,0.75,0.7743845228567998,237.62183797716756,195.9226780655133,1.2128347791250114
4,E10,6746,5222,0.25,0.5,1.1146590572190929,0.7424741478360781,0.5,1.5012765905287586,197.41756047575976,130.06590066046184,1.5178271897037796
4,E20,6164,61,0.5,8.0,1.5432608695652175,9.193442622950819,0.0625,0.1678653941574149,145.1614691706484,576.2137181020129,0.2519229664451498
5,B20,3342,7335,2.0,1.0,4.392309994015559,1.6938623040218133,2.0,2.593073819274861,130.19966574880817,104.0183954838991,1.2516984629796721
5,B30,2607,6235,6.0,7.0,10.546873801304182,13.253744987971132,0.8571428571428571,0.7957655599135445,192.7351123179136,434.0932386127539,0.4439947347114725
5,C10,25285,689,1.0,4.0,1.5561004548151078,5.859796806966618,0.25,0.265555360719178,58.59129532241435,304.4177332727358,0.1924700466444932
5,C30,6272,65,2.5,4.0,5.912723214285714,41.09846153846154,0.625,0.14386726395469468,142.86380591938766,595.6904680570088,0.23982892723694765
5,D10,587,304,2.0,4.0,3.0173764906303235,5.8365131578947365,0.5,0.5169827273581798,164.3604921702098,242.3417263687088,0.6782178811425355
5,D20,62857,46143,2.0,1.0,2.8718281177911766,3.544344754350606,2.0,0.8102564273032611,86.94617883374947,109.07057312475224,0.7971552394274354
5,D30,94049,127383,2.0,0.5,3.787588916415911,3.051984016705526,4.0,1.2410251481278844,127.48638030019086,106.53281776813297,1.196686457478887
5,D40,2973,32346,1.0,0.08,1.8608476286579214,0.9982266740864405,12.5,1.8641533801537977,95.787366770788,70.1490700651504,1.3654830588891091
5,D50,22639,11264,1.0,1.0,2.438451345024073,3.254460227272727,1.0,0.7492644477844861,54.93286876151042,110.08046582432404,0.4990246757238206
5,E10,8195,136,2.0,2.0,3.5617449664429532,3.3838235294117647,1.0,1.0525799987749709,105.3441844051332,123.70037876050013,0.8516076139838918
5,E20,1482,1881,4.0,3.0,8.552766531713901,6.644603934077618,1.3333333333333333,1.2871747686645476,250.5242102458767,229.12325875608266,1.0934036623168704
6,B20,3877,282,2.0,1.0,4.148785143151922,2.4687588652482266,2.0,1.680514529609506,0.0,0.0,
6,B30,388,54,2.0,1.5,4.288144329896907,2.4675925925925926,1.3333333333333333,1.7377845689638498,0.0,0.0,
6,D20,29255,35794,2.0,1.0,3.7862279952144933,1.6062379169693242,2.0,2.357202476180123,0.0,0.0,
6,D30,38628,78118,2.0,1.0,5.439233975354664,1.9257387541923754,2.0,2.8244921402310323,0.0,0.0,
6,D40,4286,9073,2.0,1.0,4.30528931404573,1.6775774275322386,2.0,2.566372939566149,0.0,0.0,
6,D50,25730,4527,2.0,2.0,3.7219918383210264,2.915074000441794,1.0,1.2768086977404143,0.0,0.0,
6,E10,8883,27076,2.0,0.59,3.5976122931442083,0.9830484561973704,3.3898305084745766,3.659648993357355,0.0,0.0,
7,D10,391,54,0.0,1.0,0.13554987212276215,0.9722222222222222,0.0,0.13942272561198393,17.91712510759608,56.0738749780706,0.3195271436939772
7,D20,2046,2256,2.0,1.0,5.293695014662757,1.8788785460992907,2.0,2.817475895742655,559.3274715903615,137.39495307843163,4.070946268827433
7,D30,1851,4197,2.0,1.0,4.57428417071853,2.6489754586609484,2.0,1.7268125892834136,547.5877975549676,162.1630162626594,3.376773632947393
7,D40,380,1154,2.0,1.0,6.904605263157895,3.1403812824956674,2.0,2.1986518967119784,709.5086747153832,227.83492308214264,3.1141348530645585
7,D50,4383,355,0.5,1.0,3.103810175678759,3.807042253521127,0.5,0.8152812522130665,361.2859155688717,721.0606803587335,0.5010478665805617
7,E10,449,654,1.0,0.5,3.4342984409799553,0.816131498470948,2.0,4.208020946886915,583.4571560225311,58.80403950236542,9.922059112946846
8,B20,3919,50,1.0,3.0,2.6803495789742278,6.0316,0.3333333333333333,0.44438450477057956,203.38768488877466,310.2883298732797,0.6554796468556753
8,C10,5540,121,1.0,6.0,2.850626353790614,49.163140495867765,0.16666666666666666,0.05798299956102709,160.68034576414445,2154.0867189213154,0.07459325771462304
8,C30,3609,117,2.0,3.0,6.374932114159047,14.745042735042736,0.6666666666666666,0.4323440920933059,387.6216064254521,976.5982029549477,0.39691001401866577
8,D20,16337,602,2.0,2.0,3.8353614494705273,14.887724252491694,1.0,0.2576190547610807,275.2994963507569,2072.8992419795272,0.13280891361022354
8,D30,21492,1237,2.0,4.0,5.393798622743346,33.41120452708165,0.5,0.1614368203448448,396.5586635458378,2458.09235458967,0.16132781292997248
8,D40,5189,291,1.0,0.0,2.286987858932357,8.64807560137457,,0.2644504933061468,235.6622996893978,1712.803295227038,0.13758865384373278
8,D50,29462,857,1.5,2.0,3.2232139705383203,9.979451575262543,0.75,0.32298508051566177,186.64549707292792,547.1452352943841,0.3411260576408124
8,D90,305,518,2.0,3.0,15.890524590163933,43.65194980694981,0.6666666666666666,0.3640278306109939,720.213167264241,1538.4566646897138,0.46814004176679125
8,E10,6551,528,1.5,1.0,3.3290108380399936,56.4294696969697,1.5,0.058994189665737086,236.37381807622805,4100.021002087346,0.05765185543095723
8,E20,4332,222,1.75,2.0,4.32235457063712,11.163243243243242,0.875,0.38719523318219407,196.4643246345581,624.5208899019524,0.3145840720642704
8,G10,155,78,0.0,0.0,1.570967741935484,0.4956410256410256,,3.1695676117684366,91.03182691095797,20.93317111790803,4.348687850407984
8,G20,344,219,0.0,2.0,23.94982558139535,430.1485844748858,0.0,0.055678029513063894,2539.272766747235,44542.18913040737,0.057008261522866276
9,B20,928,1679,1.5,1.5,2.4108297413793105,3.3524419297200714,1.0,0.7191264731558272,174.41194069602025,286.1038619889273,0.6096105780731135
9,B30,563,2197,2.75,2.0,6.559058614564831,6.445038871187984,1.375,1.0176910869981812,350.46058652324234,382.4672380589538,0.9163153118731233
9,C10,2162,6764,1.0,1.0,1.5971322849213692,4.497560526315789,1.0,0.35511079296795417,122.54987652315961,256.04025331631175,0.47863519480181765
9,C20,77,296,2.25,2.0,4.107142857142857,4.9358108108108105,1.125,0.8321110785176493,209.53761647026957,304.98791730265214,0.6870357957896959
9,C30,1213,3882,2.5,2.0,7.159317642209398,7.61212001545595,1.25,0.9405156024435816,445.03916425339287,369.03788461562084,1.2059443835066765
9,D10,711,2847,0.25,0.0,0.6465540084388185,0.48979627678257814,,1.3200468012659587,223.40438631297968,225.88558711346448,0.9890156745625454
9,D20,9656,21346,1.75,1.0,3.0422794739022367,2.445985196289703,1.75,1.2437849086401047,190.63532325900627,173.77887396067408,1.0969994160633518
9,D30,12406,41856,2.0,1.5,3.1544414154441403,3.9336219395068803,1.3333333333333333,0.8019177907675544,238.83649461807593,310.5165892443569,0.7691585663725256
9,D40,2982,9453,2.0,0.5,3.1503185781354794,2.713926785147572,4.0,1.1607971870781983,266.8725621023568,251.54469913463186,1.0609349472298806
9,D50,7095,44148,1.0,1.0,1.9923889358703313,1.9422356845157198,1.0,1.025822433268245,167.17334757687297,137.49932818800707,1.2158121045383705
9,E10,1201,3623,2.0,1.5,3.226061615320566,8.415520287054926,1.3333333333333333,0.3833466625091519,245.72222296274697,797.1968160920054,0.30823282030567956
9,E20,98,1566,1.75,1.5,3.36734693877551,2.7563856960408684,1.1666666666666667,1.2216530304928643,202.92506571099548,171.9651168824715,1.1800362154243373
9,F10,151,153,2.0,1.5,2.5281456953642385,3.1323529411764706,1.3333333333333333,0.8071075459378789,177.89177284645862,360.22278433704446,0.4938382039710547
