held_out_university,target_kind,pctl,model,frac,aug_rows,n,n_pos,base_rate,prec_top5,prec_top10,recall_top10,lift_top5,lift_top10,capture_top10,pr_auc,roc_auc,brier,layer,target,n_train,train_base_rate,lift_top10_ci_lo,lift_top10_ci_hi
1,severity_labour,75,gbdt,0.0,0,22542,2473,0.10970632596930174,0.9113475177304965,0.7290465631929046,0.6647796198948646,8.307155578115994,6.645437779011102,0.6647796198948646,0.7731333537168754,0.9391795434743261,0.10561617479422514,M1,severity_labour,486702,0.06684788638633085,6.065265022154467,7.238582013774626
1,severity_labour,75,gbdt,0.05,2069,22542,2473,0.10970632596930174,0.9140070921985816,0.729490022172949,0.6651839870602507,8.331398250036566,6.649480016102959,0.6651839870602507,0.7737532873825032,0.9395836688535754,0.10892412124467848,M1,severity_labour,488771,0.06727485877844634,6.081439025110122,7.204650290866743
1,severity_labour,75,gbdt,0.1,3202,22542,2471,0.10961760269718747,0.9095744680851063,0.7277161862527716,0.6641036017806556,8.297704435279023,6.63867999615944,0.6641036017806556,0.7734749979047617,0.9398418798211714,0.10998946665141905,M1,severity_labour,489904,0.06738871289068879,6.06779417673432,7.185658838727628
1,severity_labour,75,gbdt,0.2,4437,22542,2471,0.10961760269718747,0.9113475177304965,0.7250554323725056,0.6616754350465399,8.313879297725963,6.6144069431570305,0.6616754350465399,0.7720618445852876,0.9392396974552562,0.1096867691345871,M1,severity_labour,491139,0.06752670832493449,6.054604317027705,7.195462765133705
1,severity_labour,75,logreg,0.0,0,22542,2473,0.10970632596930174,0.8945035460992907,0.7215077605321508,0.6579053780832996,8.153618655952371,6.576719748449553,0.6579053780832996,0.7534282865102985,0.9348834672422198,0.12460170151523756,M1,severity_labour,486702,0.06684788638633085,5.9837671990024255,7.1069683655385525
1,severity_labour,75,logreg,0.05,2069,22542,2473,0.10970632596930174,0.8962765957446809,0.720620842572062,0.6570966437525273,8.169780437232752,6.568635274265841,0.6570966437525273,0.7532102974683119,0.9348662198311096,0.12828781365545827,M1,severity_labour,488771,0.06727485877844634,5.990409648009507,7.113563465521294
1,severity_labour,75,logreg,0.1,3202,22542,2471,0.10961760269718747,0.8936170212765957,0.7197339246119734,0.6568191015783084,8.152130673256584,6.565860837152208,0.6568191015783084,0.7530314962491197,0.9349153080421243,0.1285380650091995,M1,severity_labour,489904,0.06738871289068879,5.978997104819178,7.122135368395472
1,severity_labour,75,logreg,0.2,4437,22542,2471,0.10961760269718747,0.8936170212765957,0.7197339246119734,0.6568191015783084,8.152130673256584,6.565860837152208,0.6568191015783084,0.7528790821555837,0.9349549891087772,0.1284827264297055,M1,severity_labour,491139,0.06752670832493449,5.984822617209117,7.120499272048832
1,occurrence,75,gbdt,0.0,0,22542,8500,0.3770739064856712,0.9955673758865248,0.9915742793791574,0.2630588235294118,2.6402446808510636,2.6296549889135257,0.2630588235294118,0.8755520247618652,0.9025517941972402,0.1301456659583334,M1,occurrence,486702,0.2837259760592724,2.4634515721412993,2.8613703710128346
1,occurrence,75,gbdt,0.05,2069,22542,8500,0.3770739064856712,0.9955673758865248,0.9915742793791574,0.2630588235294118,2.6402446808510636,2.6296549889135257,0.2630588235294118,0.875014097395057,0.902059305277445,0.1321567912770395,M1,occurrence,488771,0.28467932835622406,2.465003704942256,2.8581924922167916
1,occurrence,75,gbdt,0.1,3202,22542,8500,0.3770739064856712,0.9955673758865248,0.991130820399113,0.26294117647058823,2.6402446808510636,2.628478935698448,0.26294117647058823,0.8755621076216383,0.9024212237237866,0.13313837351154692,M1,occurrence,489904,0.28511708416342796,2.464007879903264,2.855987711737722
1,occurrence,75,gbdt,0.2,4437,22542,8500,0.3770739064856712,0.9955673758865248,0.991130820399113,0.26294117647058823,2.6402446808510636,2.628478935698448,0.26294117647058823,0.8756364075882406,0.9023322888477425,0.13295432312939662,M1,occurrence,491139,0.28552202126078363,2.4656026690153205,2.855988864948227
1,occurrence,75,logreg,0.0,0,22542,8500,0.3770739064856712,0.9955673758865248,0.9924611973392461,0.26329411764705885,2.6402446808510636,2.6320070953436807,0.26329411764705885,0.8691282059453608,0.895313031493754,0.13203530541860437,M1,occurrence,486702,0.2837259760592724,2.464447397180291,2.8651208004848
1,occurrence,75,logreg,0.05,2069,22542,8500,0.3770739064856712,0.9955673758865248,0.9924611973392461,0.26329411764705885,2.6402446808510636,2.6320070953436807,0.26329411764705885,0.8690295198517579,0.8952056310061414,0.1326427903932916,M1,occurrence,488771,0.28467932835622406,2.464447397180291,2.8651208004848
1,occurrence,75,logreg,0.1,3202,22542,8500,0.3770739064856712,0.9955673758865248,0.9924611973392461,0.26329411764705885,2.6402446808510636,2.6320070953436807,0.26329411764705885,0.8690776837856565,0.8952535921646825,0.13260848537362038,M1,occurrence,489904,0.28511708416342796,2.464447397180291,2.8651208004848
1,occurrence,75,logreg,0.2,4437,22542,8500,0.3770739064856712,0.9955673758865248,0.9924611973392461,0.26329411764705885,2.6402446808510636,2.6320070953436807,0.26329411764705885,0.8690523493146052,0.8952144993590657,0.13261102427465557,M1,occurrence,491139,0.28552202126078363,2.464447397180291,2.8651208004848
2,severity_labour,75,gbdt,0.0,0,11456,1063,0.09278980446927375,0.680628272251309,0.5174520069808028,0.5578551269990593,7.33516226426246,5.5766041316764605,0.5578551269990593,0.5531977940772886,0.8790895058445789,0.1136194998370138,M1,severity_labour,499106,0.06780723934394697,5.16637905199857,6.0228504527586635
2,severity_labour,75,gbdt,0.05,862,11456,1063,0.09278980446927375,0.6788830715532286,0.5148342059336823,0.555032925682032,7.316354155892555,5.548391969121604,0.555032925682032,0.5549585185185477,0.8771224553323438,0.12435066524767541,M1,severity_labour,499968,0.06773633512544804,5.140957857193789,6.0012286602219955
2,severity_labour,75,gbdt,0.1,1688,11456,1063,0.09278980446927375,0.6823734729493892,0.5174520069808028,0.5578551269990593,7.3539703726323635,5.5766041316764605,0.5578551269990593,0.5519488249322215,0.8764602395834304,0.1298821219911444,M1,severity_labour,500794,0.067950095248745,5.172818841414416,5.98321324831547
2,severity_labour,75,gbdt,0.2,2943,11456,1062,0.09270251396648045,0.6719022687609075,0.5209424083769634,0.5621468926553672,7.247940104449111,5.619506808254701,0.5621468926553672,0.5473239526610443,0.8763597044796596,0.1335011824605955,M1,severity_labour,502049,0.06812681630677483,5.150372766379137,5.953854606758101
2,severity_labour,75,logreg,0.0,0,11456,1063,0.09278980446927375,0.5951134380453752,0.5008726003490401,0.5399811853245532,6.4135649541371755,5.397927102162374,0.5399811853245532,0.494736166515274,0.8745564145633518,0.12559995954652933,M1,severity_labour,499106,0.06780723934394697,4.930011941980325,5.890184939313399
2,severity_labour,75,logreg,0.05,862,11456,1063,0.09278980446927375,0.6003490401396161,0.5026178010471204,0.541862652869238,6.469989279246888,5.416735210532277,0.541862652869238,0.4958387124777559,0.8744576615040209,0.12540715723138277,M1,severity_labour,499968,0.06773633512544804,4.935242419269116,5.9101733422081315
2,severity_labour,75,logreg,0.1,1688,11456,1063,0.09278980446927375,0.6020942408376964,0.5043630017452007,0.5437441204139228,6.488797387616791,5.435543318902181,0.5437441204139228,0.49553432547975246,0.874419282679863,0.1297944679042666,M1,severity_labour,500794,0.067950095248745,4.922552325271256,5.864376894155979
2,severity_labour,75,logreg,0.2,2943,11456,1062,0.09270251396648045,0.6038394415357766,0.5043630017452007,0.544256120527307,6.513733184777643,5.440661532950111,0.544256120527307,0.4959888677662502,0.8742536074883127,0.13102923125553997,M1,severity_labour,502049,0.06812681630677483,4.936662286142424,5.886215059741613
2,occurrence,75,gbdt,0.0,0,11456,3368,0.29399441340782123,0.9633507853403142,0.9301919720767888,0.3165083135391924,3.276765616644489,3.1639783943324504,0.3165083135391924,0.7779064847891104,0.8682121918692481,0.15756371752929543,M1,occurrence,499106,0.28922513454055854,2.950377192763808,3.4364262625622253
2,occurrence,75,gbdt,0.05,862,11456,3368,0.29399441340782123,0.9668411867364747,0.9293193717277487,0.3162114014251782,3.2886379558352297,3.161010309534765,0.3162114014251782,0.7806805687906817,0.8693898184401512,0.15900122780727777,M1,occurrence,499968,0.2891185035842294,2.9457985351892506,3.433009255755198
2,occurrence,75,gbdt,0.1,1688,11456,3368,0.29399441340782123,0.9650959860383944,0.9284467713787086,0.3159144893111639,3.2827017862398593,3.15804222473708,0.3159144893111639,0.7788700157177669,0.8685395367407449,0.1623816516108002,M1,occurrence,500794,0.2893984352847678,2.9505835770156024,3.4486835240755
2,occurrence,75,gbdt,0.2,2943,11456,3368,0.29399441340782123,0.9633507853403142,0.9275741710296684,0.31561757719714967,3.276765616644489,3.1550741399393947,0.31561757719714967,0.7799699453493095,0.8685782660038861,0.16311328937274475,M1,occurrence,502049,0.2896211325986109,2.94307472954247,3.4463563491394464
2,occurrence,75,logreg,0.0,0,11456,3368,0.29399441340782123,0.9528795811518325,0.918848167539267,0.31264845605700714,3.2411485990722664,3.1253932919625425,0.31264845605700714,0.7725878565995211,0.8647342306187754,0.15878109921595715,M1,occurrence,499106,0.28922513454055854,2.926120973328196,3.4153063940426045
2,occurrence,75,logreg,0.05,862,11456,3368,0.29399441340782123,0.9546247818499127,0.918848167539267,0.31264845605700714,3.2470847686676367,3.1253932919625425,0.31264845605700714,0.7726664849698593,0.8647875705423242,0.15886373504127646,M1,occurrence,499968,0.2891185035842294,2.925974787316075,3.4153063940426045
2,occurrence,75,logreg,0.1,1688,11456,3368,0.29399441340782123,0.9546247818499127,0.918848167539267,0.31264845605700714,3.2470847686676367,3.1253932919625425,0.31264845605700714,0.7727059235380992,0.8647879376443446,0.16016847622033373,M1,occurrence,500794,0.2893984352847678,2.927447098455608,3.4153063940426045
2,occurrence,75,logreg,0.2,2943,11456,3368,0.29399441340782123,0.9546247818499127,0.918848167539267,0.31264845605700714,3.2470847686676367,3.1253932919625425,0.31264845605700714,0.7727201434772698,0.8648239503525355,0.15993646429790573,M1,occurrence,502049,0.2896211325986109,2.925996766567491,3.4153063940426045
3,severity_labour,75,gbdt,0.0,0,86098,2253,0.026167855234732515,0.26550522648083624,0.17119628339140533,0.6542387927208166,10.146235681112756,6.542235955363167,0.6542387927208166,0.2993403618334114,0.8870744097287925,0.03138099092181651,M1,severity_labour,406969,0.07835240522005361,5.989786756003523,6.900498578744829
3,severity_labour,75,gbdt,0.05,6385,86098,2259,0.026237543264651907,0.26666666666666666,0.17200929152148664,0.6555998229305002,10.163553194628893,6.555845941308967,0.6555998229305002,0.2983532518048106,0.8906236927761915,0.02976258264975957,M1,severity_labour,413354,0.07725823386250043,6.04609376400249,6.993156501113467
3,severity_labour,75,gbdt,0.1,12135,86098,2257,0.026214313921345444,0.2638792102206736,0.172938443670151,0.6597252990695613,10.066226070704278,6.597099744400824,0.6597252990695613,0.2994918891759459,0.8918806991124206,0.02990848895611265,M1,severity_labour,419104,0.07629609834313202,6.052250734193009,6.9706704868052665
3,severity_labour,75,gbdt,0.2,20203,86098,2270,0.026365304652837464,0.2720092915214866,0.17444831591173054,0.6616740088105727,10.316940960976632,6.616586389148977,0.6616740088105727,0.30300104978736886,0.8935960990187796,0.030678592615847176,M1,severity_labour,427172,0.07509387319393593,6.075498184949272,7.007888352328644
3,severity_labour,75,logreg,0.0,0,86098,2253,0.026167855234732515,0.2778164924506388,0.1849012775842044,0.7066134043497558,10.616708551715533,7.065969905656827,0.7066134043497558,0.2956906193688987,0.9080258319113718,0.045870566703776296,M1,severity_labour,406969,0.07835240522005361,6.552082314931416,7.397734799826386
3,severity_labour,75,logreg,0.05,6385,86098,2259,0.026237543264651907,0.28199767711962836,0.18629500580720093,0.7100486941124391,10.747868970626723,7.1003220053069445,0.7100486941124391,0.30166296540253035,0.9085109615939457,0.04568689906597647,M1,severity_labour,413354,0.07725823386250043,6.616277211379205,7.4382606047025455
3,severity_labour,75,logreg,0.1,12135,86098,2257,0.026214313921345444,0.2857142857142857,0.18629500580720093,0.7106778910057598,10.899170833597063,7.10661382808524,0.7106778910057598,0.3028755413588455,0.9096517070729968,0.04523680443066877,M1,severity_labour,419104,0.07629609834313202,6.598838497853253,7.444355141991821
3,severity_labour,75,logreg,0.2,20203,86098,2270,0.026365304652837464,0.28524970963995355,0.18641114982578397,0.7070484581497798,10.819131938581815,7.070320342599272,0.7070484581497798,0.3033447954899532,0.9096021689261355,0.045105625629934296,M1,severity_labour,427172,0.07509387319393593,6.595404157995025,7.437577161114793
3,occurrence,75,gbdt,0.0,0,86098,13413,0.15578759088480568,0.9282229965156794,0.8056910569105691,0.5171848206963394,5.958260162082082,5.171728071116542,0.5171848206963394,0.7394430031751817,0.9088792109369808,0.07959439244176625,M1,occurrence,406969,0.3305853762817315,4.891630478904176,5.429195285229065
3,occurrence,75,gbdt,0.05,6385,86098,13413,0.15578759088480568,0.9261324041811847,0.8069686411149826,0.5180049205994185,5.944840657212529,5.179928879647936,0.5180049205994185,0.7437468149706394,0.9122879600536619,0.07571492912839861,M1,occurrence,413354,0.3267102773893563,4.9062294484451145,5.453300876213595
3,occurrence,75,gbdt,0.1,12135,86098,13413,0.15578759088480568,0.9259001161440186,0.8029036004645761,0.515395511816894,5.943349601115911,5.1538353979571365,0.515395511816894,0.7392231118356102,0.9105589871652597,0.07503461945017201,M1,occurrence,419104,0.3230224478888295,4.875421496917502,5.412476103683707
3,occurrence,75,gbdt,0.2,20203,86098,13413,0.15578759088480568,0.9252032520325203,0.7979094076655052,0.5121896667412212,5.93887643282606,5.121777691879868,0.5121896667412212,0.738339889663468,0.9106888552496823,0.07446019889083115,M1,occurrence,427172,0.31786025301283793,4.858741766835743,5.394088941512914
3,occurrence,75,logreg,0.0,0,86098,13413,0.15578759088480568,0.9328687572590012,0.8138211382113821,0.5224036382613882,5.9880812840144255,5.223915034498142,0.5224036382613882,0.7497657567479361,0.9158727747064526,0.08514425184601085,M1,occurrence,406969,0.3305853762817315,4.918820794583301,5.483935986423858
3,occurrence,75,logreg,0.05,6385,86098,13413,0.15578759088480568,0.932404181184669,0.8144018583042973,0.522776410944606,5.985099171821191,5.227642674739685,0.522776410944606,0.7504830796968022,0.9160695203181012,0.08376369138858844,M1,occurrence,413354,0.3267102773893563,4.9248377189283525,5.495711415062244
3,occurrence,75,logreg,0.1,12135,86098,13413,0.15578759088480568,0.9331010452961672,0.8154471544715447,0.523447401774398,5.989572340111042,5.234352427174462,0.523447401774398,0.7507801952005642,0.916199699708871,0.08273155443734558,M1,occurrence,419104,0.3230224478888295,4.9331389525273455,5.5011599750980675
3,occurrence,75,logreg,0.2,20203,86098,13413,0.15578759088480568,0.9340301974448316,0.8163763066202091,0.5240438380675464,5.995536564497511,5.240316651560931,0.5240438380675464,0.7505205656186413,0.9158662213744775,0.08115821276105004,M1,occurrence,427172,0.31786025301283793,4.926592268187106,5.499224363103705
4,severity_labour,75,gbdt,0.0,0,20541,2791,0.13587459227885693,0.9202334630350194,0.7951338199513382,0.5854532425653888,6.772667704837811,5.851968396854331,0.5854532425653888,0.7721805515690614,0.9359097198742437,0.1357263495784133,M1,severity_labour,488118,0.06569518026378868,5.240744254315487,6.455944111954024
4,severity_labour,75,gbdt,0.05,1801,20541,2789,0.13577722603573342,0.9221789883268483,0.7931873479318735,0.5844388669774112,6.791853208756469,5.841829083495379,0.5844388669774112,0.7740280724789151,0.9365724965506187,0.1377212160433182,M1,severity_labour,489919,0.06610480508002343,5.255588013182461,6.409332481010129
4,severity_labour,75,gbdt,0.1,2804,20541,2790,0.13582590915729517,0.9250972762645915,0.7917274939172749,0.5831541218637993,6.810904355466299,5.828987258980195,0.5831541218637993,0.7763410899947055,0.9366996942370251,0.13719246052313522,M1,severity_labour,490922,0.06641584610182473,5.279602991009083,6.425831188427227
4,severity_labour,75,gbdt,0.2,5092,20541,2768,0.13475488048293657,0.9289883268482491,0.7912408759124088,0.5874277456647399,6.893912291109062,5.871704780389013,0.5874277456647399,0.7797893862421362,0.9378951872669102,0.13667930804997022,M1,severity_labour,493210,0.06689645384319053,5.282441974532833,6.484048441409021
4,severity_labour,75,logreg,0.0,0,20541,2791,0.13587459227885693,0.7821011673151751,0.7172749391727494,0.528126119670369,5.756051622293447,5.278948235595645,0.528126119670369,0.6502599806074559,0.9031478948935462,0.23860101825467606,M1,severity_labour,488118,0.06569518026378868,4.72165903911698,5.878993356897219
4,severity_labour,75,logreg,0.05,1801,20541,2789,0.13577722603573342,0.7830739299610895,0.7172749391727494,0.5285048404446038,5.7673437057478445,5.282733784706864,0.5285048404446038,0.651648282826025,0.9034100016465252,0.2390520494354285,M1,severity_labour,489919,0.06610480508002343,4.743863546445999,5.890584999154863
4,severity_labour,75,logreg,0.1,2804,20541,2790,0.13582590915729517,0.7830739299610895,0.716301703163017,0.5275985663082438,5.765276557466215,5.273675012427073,0.5275985663082438,0.6507207948092892,0.9033198190257946,0.23957250572306818,M1,severity_labour,490922,0.06641584610182473,4.740068773038134,5.875081275468478
4,severity_labour,75,logreg,0.2,5092,20541,2768,0.13475488048293657,0.7811284046692607,0.7143552311435523,0.5303468208092486,5.796661329592227,5.3011455212860215,0.5303468208092486,0.6492019944452897,0.9043625877272436,0.23687661496238868,M1,severity_labour,493210,0.06689645384319053,4.753570411339847,5.9226130944233635
4,occurrence,75,gbdt,0.0,0,20541,10996,0.535319604693053,1.0,0.9995133819951338,0.1867951982539105,1.8680429246998906,1.867133901378869,0.1867951982539105,0.9322987352843849,0.914306511954154,0.12249808802119581,M1,occurrence,488118,0.27577962705739184,1.7670172826224804,1.9945388004676388
4,occurrence,75,gbdt,0.05,1801,20541,10996,0.535319604693053,1.0,0.9995133819951338,0.1867951982539105,1.8680429246998906,1.867133901378869,0.1867951982539105,0.9323096610111719,0.9144073296046887,0.12358598175189558,M1,occurrence,489919,0.27698252160050946,1.7670172826224804,1.9944213367060046
4,occurrence,75,gbdt,0.1,2804,20541,10996,0.535319604693053,1.0,0.9995133819951338,0.1867951982539105,1.8680429246998906,1.867133901378869,0.1867951982539105,0.9326596787173617,0.9147480030359152,0.12383179833239065,M1,occurrence,490922,0.277657143089941,1.7670172826224804,1.9947605848366072
4,occurrence,75,gbdt,0.2,5092,20541,10996,0.535319604693053,1.0,1.0,0.18688614041469626,1.8680429246998906,1.8680429246998906,0.18688614041469626,0.9327191431317484,0.9147944935831707,0.12460768716984146,M1,occurrence,493210,0.27902516169582936,1.7670172826224804,1.9949364463577155
4,occurrence,75,logreg,0.0,0,20541,10996,0.535319604693053,1.0,0.9995133819951338,0.1867951982539105,1.8680429246998906,1.867133901378869,0.1867951982539105,0.9267976238752474,0.9049449287811883,0.128017893623834,M1,occurrence,488118,0.27577962705739184,1.7670172826224804,1.9949364463577155
4,occurrence,75,logreg,0.05,1801,20541,10996,0.535319604693053,1.0,0.9995133819951338,0.1867951982539105,1.8680429246998906,1.867133901378869,0.1867951982539105,0.9268536009856096,0.9050375668775026,0.12831509767890087,M1,occurrence,489919,0.27698252160050946,1.7670172826224804,1.9949364463577155
4,occurrence,75,logreg,0.1,2804,20541,10996,0.535319604693053,1.0,0.9995133819951338,0.1867951982539105,1.8680429246998906,1.867133901378869,0.1867951982539105,0.9269411396338021,0.9052171550167011,0.12823384234787755,M1,occurrence,490922,0.277657143089941,1.7670172826224804,1.9949364463577155
4,occurrence,75,logreg,0.2,5092,20541,10996,0.535319604693053,1.0,0.9995133819951338,0.1867951982539105,1.8680429246998906,1.867133901378869,0.1867951982539105,0.9269798618037477,0.9052448997597298,0.12832115285896165,M1,occurrence,493210,0.27902516169582936,1.7670172826224804,1.9949364463577155
5,severity_labour,75,gbdt,0.0,0,129370,7257,0.05609492154286156,0.54614314422631,0.3626033856380923,0.6464103624087089,9.736053268369536,6.464103624087088,0.6464103624087089,0.5259797436539241,0.897120234534155,0.05209359555545999,M1,severity_labour,351542,0.07074830318994602,6.202051440107087,6.710749964503833
5,severity_labour,75,gbdt,0.05,8651,129370,7328,0.05664373502357579,0.5639202349667646,0.3706423436654557,0.6543395196506551,9.955562335923899,6.543395196506551,0.6543395196506551,0.5401210104954097,0.8945675508910993,0.05247857456532614,M1,severity_labour,360193,0.07170877834938491,6.305215791111862,6.760010801564055
5,severity_labour,75,gbdt,0.1,17546,129370,7385,0.057084331761613975,0.5645385685577369,0.37628507381927806,0.6591740013540961,9.889553773096063,6.591740013540962,0.6591740013540961,0.5468693690989427,0.904290266328793,0.05319811591181165,M1,severity_labour,369088,0.07193406450494191,6.357374722786074,6.824511264375635
5,severity_labour,75,gbdt,0.2,31876,129370,7417,0.05733168431630208,0.5654660689441954,0.37334776223235683,0.6512066873398948,9.863063952987805,6.512066873398949,0.6512066873398948,0.5386761025819742,0.900079042666929,0.05547222396132255,M1,severity_labour,383418,0.07173111330193158,6.249703013346504,6.758775099232868
5,severity_labour,75,logreg,0.0,0,129370,7257,0.05609492154286156,0.5943731643221518,0.39282677591404497,0.7002893757751136,10.59584625442425,7.002893757751137,0.7002893757751136,0.5878522081144626,0.9254901515446219,0.07157712365742858,M1,severity_labour,351542,0.07074830318994602,6.772258024987873,7.205306139620918
5,severity_labour,75,logreg,0.05,8651,129370,7328,0.05664373502357579,0.6034935847889936,0.3993197804746077,0.704967248908297,10.654198289322068,7.04967248908297,0.704967248908297,0.5950245443583917,0.9271811694515432,0.07068876608453853,M1,severity_labour,360193,0.07170877834938491,6.827045279278803,7.261207302168756
5,severity_labour,75,logreg,0.1,17546,129370,7385,0.057084331761613975,0.6110681712784047,0.4060446780551905,0.7113067027758971,10.704656644317836,7.11306702775897,0.7113067027758971,0.6008197593185272,0.928673003820325,0.07050708323067059,M1,severity_labour,369088,0.07193406450494191,6.8878425336869435,7.317654498864197
5,severity_labour,75,logreg,0.2,31876,129370,7417,0.05733168431630208,0.6121502550626062,0.40728144082863105,0.7103950384252393,10.67734643352425,7.103950384252393,0.7103950384252393,0.601471755548616,0.9290440705932149,0.07184220906943548,M1,severity_labour,383418,0.07173111330193158,6.875601694282194,7.302901680702786
5,occurrence,75,gbdt,0.0,0,129370,31812,0.24589935842931127,0.996289998454166,0.9769652933446703,0.39730290456431533,4.051616908714179,3.9730290456431536,0.39730290456431533,0.8536090619860282,0.9220162178969469,0.09225303322821744,M1,occurrence,351542,0.3019582297421076,3.7195427698566452,4.301479911106871
5,occurrence,75,gbdt,0.05,8651,129370,31812,0.24589935842931127,0.9969083320451384,0.9750328515111695,0.39651703759587575,4.054131488642008,3.9651703759587575,0.39651703759587575,0.8530366064823304,0.9213214809830588,0.09181701354976608,M1,occurrence,360193,0.30511420266357203,3.720309379395082,4.290740049026791
5,occurrence,75,gbdt,0.1,17546,129370,31812,0.24589935842931127,0.9967537486473953,0.9748782561644894,0.39645416823840063,4.053502843660051,3.9645416823840063,0.39645416823840063,0.8530025940644675,0.9224740244343894,0.09294162775392442,M1,occurrence,369088,0.3058051196462632,3.715389794839606,4.2910979986407485
5,occurrence,75,gbdt,0.2,31876,129370,31812,0.24589935842931127,0.9965991652496522,0.9767334003246503,0.3972086005281026,4.052874198678094,3.9720860052810263,0.3972086005281026,0.8548725520424549,0.9238843144973057,0.09198349877892688,M1,occurrence,383418,0.304923086553057,3.7194003295889426,4.2933203248313685
5,occurrence,75,logreg,0.0,0,129370,31812,0.24589935842931127,0.9969083320451384,0.9782020561181108,0.39780585942411667,4.054131488642008,3.9780585942411673,0.39780585942411667,0.8591193629978916,0.9268948877379652,0.09038500193985258,M1,occurrence,351542,0.3019582297421076,3.725103952456569,4.3051505982228475
5,occurrence,75,logreg,0.05,8651,129370,31812,0.24589935842931127,0.9969083320451384,0.978588544484811,0.3979630328178046,4.054131488642008,3.9796303281780463,0.3979630328178046,0.8588548128014369,0.926687509336349,0.08982863925597674,M1,occurrence,360193,0.30511420266357203,3.7244123498145254,4.306140198095093
5,occurrence,75,logreg,0.1,17546,129370,31812,0.24589935842931127,0.9969083320451384,0.978433949138131,0.3979001634603294,4.054131488642008,3.9790016346032946,0.3979001634603294,0.8590606818385658,0.9267874998279049,0.0898433010550616,M1,occurrence,369088,0.3058051196462632,3.723825731302494,4.305359667478194
5,occurrence,75,logreg,0.2,31876,129370,31812,0.24589935842931127,0.9969083320451384,0.9783566514647909,0.39786872878159185,4.054131488642008,3.9786872878159185,0.39786872878159185,0.8593701370533919,0.9270585218703251,0.08998445810695851,M1,occurrence,383418,0.304923086553057,3.7241273746581087,4.305520140590357
6,severity_labour,75,gbdt,0.0,0,20047,5655,0.2820870953259839,0.9501495513459621,0.8917705735660848,0.31618037135278515,3.368284360005748,3.1613306256904163,0.31618037135278515,0.7571073201795719,0.8747891856120087,0.22261357127806017,M1,severity_labour,489439,0.06344202239707093,2.955124254382282,3.3716016245691556
6,severity_labour,75,gbdt,0.05,1582,20047,5627,0.28069037761261034,0.9471585244267199,0.888279301745636,0.31650968544517505,3.37438900643015,3.164623273875025,0.31650968544517505,0.7545469112491088,0.874809708589974,0.22968230456445402,M1,severity_labour,491021,0.06416629838642339,2.946907180815379,3.3924927748949423
6,severity_labour,75,gbdt,0.1,3472,20047,5576,0.27814635606325133,0.9481555333998006,0.8942643391521197,0.3215566714490674,3.408836796640209,3.2150855823139426,0.3215566714490674,0.7570228331125581,0.8762369888939309,0.23105580640242807,M1,severity_labour,492911,0.06481900383639237,2.9931695394366344,3.4417719342628934
6,severity_labour,75,gbdt,0.2,3472,20047,5576,0.27814635606325133,0.9481555333998006,0.8942643391521197,0.3215566714490674,3.408836796640209,3.2150855823139426,0.3215566714490674,0.7570228331125581,0.8762369888939309,0.23105580640242807,M1,severity_labour,492911,0.06481900383639237,2.9931695394366344,3.4417719342628934
6,severity_labour,75,logreg,0.0,0,20047,5655,0.2820870953259839,0.9481555333998006,0.8763092269326683,0.3106984969053935,3.361215557571318,3.1065200835224056,0.3106984969053935,0.7477773877905927,0.8675640669317711,0.2211938188973555,M1,severity_labour,489439,0.06344202239707093,2.907512675714772,3.328339129224656
6,severity_labour,75,logreg,0.05,1582,20047,5627,0.28069037761261034,0.9461615154536391,0.8743142144638404,0.3115336769148747,3.370837018002329,3.114870633971319,0.3115336769148747,0.7458635574812893,0.867018852535588,0.2259575647164372,M1,severity_labour,491021,0.06416629838642339,2.9147843604354335,3.3402758230077647
6,severity_labour,75,logreg,0.1,3472,20047,5576,0.27814635606325133,0.9431704885343968,0.8743142144638404,0.31438307030129126,3.390914416005928,3.1433603044039833,0.31438307030129126,0.7444353651593454,0.8670922399392362,0.22723788450711693,M1,severity_labour,492911,0.06481900383639237,2.945369348015819,3.3756718828695265
6,severity_labour,75,logreg,0.2,3472,20047,5576,0.27814635606325133,0.9431704885343968,0.8743142144638404,0.31438307030129126,3.390914416005928,3.1433603044039833,0.31438307030129126,0.7444353651593454,0.8670922399392362,0.22723788450711693,M1,severity_labour,492911,0.06481900383639237,2.945369348015819,3.3756718828695265
6,occurrence,75,gbdt,0.0,0,20047,11827,0.5899635855739014,1.0,0.9995012468827931,0.1694428003720301,1.6950198697894647,1.6941744733456794,0.1694428003720301,0.9352658103577318,0.9026912316800788,0.14091976465625886,M1,occurrence,489439,0.27309429775722815,1.632301616044807,1.7592229603142346
6,occurrence,75,gbdt,0.05,1582,20047,11827,0.5899635855739014,1.0,0.999002493765586,0.16935824807643526,1.6950198697894647,1.693329076901894,0.16935824807643526,0.935051738841269,0.9024772485407528,0.14133836890265997,M1,occurrence,491021,0.2746725700122805,1.632301616044807,1.7564434114595449
6,occurrence,75,gbdt,0.1,3472,20047,11827,0.5899635855739014,1.0,0.9995012468827931,0.1694428003720301,1.6950198697894647,1.6941744733456794,0.1694428003720301,0.9349419896295754,0.9023271527868211,0.14213075452448923,M1,occurrence,492911,0.27627908486521907,1.632301616044807,1.7600585579385657
6,occurrence,75,gbdt,0.2,3472,20047,11827,0.5899635855739014,1.0,0.9995012468827931,0.1694428003720301,1.6950198697894647,1.6941744733456794,0.1694428003720301,0.9349419896295754,0.9023271527868211,0.14213075452448923,M1,occurrence,492911,0.27627908486521907,1.632301616044807,1.7600585579385657
6,occurrence,75,logreg,0.0,0,20047,11827,0.5899635855739014,0.9990029910269193,0.999002493765586,0.16935824807643526,1.6933299197697345,1.693329076901894,0.16935824807643526,0.9327177335358454,0.8986582363296322,0.14161103172432146,M1,occurrence,489439,0.27309429775722815,1.631903777290633,1.7601145986618218
6,occurrence,75,logreg,0.05,1582,20047,11827,0.5899635855739014,0.9990029910269193,0.999002493765586,0.16935824807643526,1.6933299197697345,1.693329076901894,0.16935824807643526,0.9326885671367632,0.8986319706013108,0.14194830058563662,M1,occurrence,491021,0.2746725700122805,1.6314909984735697,1.7601145986618218
6,occurrence,75,logreg,0.1,3472,20047,11827,0.5899635855739014,0.9990029910269193,0.999002493765586,0.16935824807643526,1.6933299197697345,1.693329076901894,0.16935824807643526,0.9326397715518683,0.8985702021663903,0.14198639042931974,M1,occurrence,492911,0.27627908486521907,1.6314909984735697,1.7601145986618218
6,occurrence,75,logreg,0.2,3472,20047,11827,0.5899635855739014,0.9990029910269193,0.999002493765586,0.16935824807643526,1.6933299197697345,1.693329076901894,0.16935824807643526,0.9326397715518683,0.8985702021663903,0.14198639042931974,M1,occurrence,492911,0.27627908486521907,1.6314909984735697,1.7601145986618218
7,severity_labour,75,gbdt,0.0,0,789,45,0.057034220532319393,0.325,0.24050632911392406,0.4222222222222222,5.698333333333333,4.216877637130802,0.4222222222222222,0.2678009321963126,0.852583632019116,0.16994806664175946,M1,severity_labour,513887,0.06807138534347046,3.181640256555367,6.102340243176104
7,severity_labour,75,gbdt,0.05,66,789,45,0.057034220532319393,0.275,0.27848101265822783,0.4888888888888889,4.821666666666667,4.882700421940928,0.4888888888888889,0.2632116916498099,0.8536439665471923,0.16851601081369796,M1,severity_labour,513953,0.06806264386043082,3.1363880288957686,6.163143854487718
7,severity_labour,75,gbdt,0.1,119,789,45,0.057034220532319393,0.325,0.27848101265822783,0.4888888888888889,5.698333333333333,4.882700421940928,0.4888888888888889,0.289075266681435,0.8579450418160095,0.16865484004795767,M1,severity_labour,514006,0.0680614623175605,3.3743069253443556,6.177279421741018
7,severity_labour,75,gbdt,0.2,189,789,45,0.057034220532319393,0.25,0.24050632911392406,0.4222222222222222,4.383333333333333,4.216877637130802,0.4222222222222222,0.27338311314169417,0.8597968936678615,0.16893982268457633,M1,severity_labour,514076,0.06798216606104934,3.154065546882119,6.106405410382173
7,severity_labour,75,logreg,0.0,0,789,45,0.057034220532319393,0.15,0.11392405063291139,0.2,2.63,1.9974683544303795,0.2,0.18465109378761257,0.7481780167264038,0.19177513571472865,M1,severity_labour,513887,0.06807138534347046,0.905553618820566,3.736091867469879
7,severity_labour,75,logreg,0.05,66,789,45,0.057034220532319393,0.15,0.11392405063291139,0.2,2.63,1.9974683544303795,0.2,0.18492891496069838,0.7482974910394266,0.1914278445340395,M1,severity_labour,513953,0.06806264386043082,0.9036285287564576,3.7430860943775097
7,severity_labour,75,logreg,0.1,119,789,45,0.057034220532319393,0.15,0.11392405063291139,0.2,2.63,1.9974683544303795,0.2,0.18474019667600994,0.7483870967741936,0.19177096862003276,M1,severity_labour,514006,0.0680614623175605,0.9036285287564576,3.736091867469879
7,severity_labour,75,logreg,0.2,189,789,45,0.057034220532319393,0.15,0.11392405063291139,0.2,2.63,1.9974683544303795,0.2,0.1841685995959711,0.7472819593787335,0.1920830717123452,M1,severity_labour,514076,0.06798216606104934,0.9036285287564576,3.7232319078947365
7,occurrence,75,gbdt,0.0,0,789,350,0.4435994930291508,0.925,0.9493670886075949,0.21428571428571427,2.0852142857142857,2.140144665461121,0.21428571428571427,0.8607710214428778,0.8933810608525871,0.14871631693552495,M1,occurrence,513887,0.28961814562345417,1.8388635975793854,2.516590636884396
7,occurrence,75,gbdt,0.05,66,789,350,0.4435994930291508,0.925,0.9367088607594937,0.21142857142857144,2.0852142857142857,2.111609403254973,0.21142857142857144,0.8565156660269887,0.8917279531402539,0.14897299990429394,M1,occurrence,513953,0.28959068241648556,1.799816558556217,2.5249171770070205
7,occurrence,75,gbdt,0.1,119,789,350,0.4435994930291508,0.925,0.9493670886075949,0.21428571428571427,2.0852142857142857,2.140144665461121,0.21428571428571427,0.8612231500358426,0.8932183534005858,0.14848001994877122,M1,occurrence,514006,0.2896016778014264,1.8388635975793854,2.497851058990042
7,occurrence,75,gbdt,0.2,189,789,350,0.4435994930291508,0.925,0.9493670886075949,0.21428571428571427,2.0852142857142857,2.140144665461121,0.21428571428571427,0.8628817677797705,0.893869183208591,0.14885914298323538,M1,occurrence,514076,0.2896400532217026,1.8388635975793854,2.546634829211883
7,occurrence,75,logreg,0.0,0,789,350,0.4435994930291508,0.925,0.9367088607594937,0.21142857142857144,2.0852142857142857,2.111609403254973,0.21142857142857144,0.8567479630212849,0.8861828831760494,0.15679233822199046,M1,occurrence,513887,0.28961814562345417,1.8405210529802054,2.533856953205437
7,occurrence,75,logreg,0.05,66,789,350,0.4435994930291508,0.925,0.9367088607594937,0.21142857142857144,2.0852142857142857,2.111609403254973,0.21142857142857144,0.8568002649589734,0.8861958997722095,0.15673381290632096,M1,occurrence,513953,0.28959068241648556,1.8405210529802054,2.533856953205437
7,occurrence,75,logreg,0.1,119,789,350,0.4435994930291508,0.925,0.9367088607594937,0.21142857142857144,2.0852142857142857,2.111609403254973,0.21142857142857144,0.8568068238158904,0.8862349495606898,0.156796114708347,M1,occurrence,514006,0.2896016778014264,1.8405210529802054,2.533856953205437
7,occurrence,75,logreg,0.2,189,789,350,0.4435994930291508,0.925,0.9367088607594937,0.21142857142857144,2.0852142857142857,2.111609403254973,0.21142857142857144,0.8568639147759428,0.8862935242434101,0.15687976478159646,M1,occurrence,514076,0.2896400532217026,1.8405210529802054,2.5348525254913894
10,severity_labour,75,gbdt,0.0,0,46123,3504,0.07597077380049,0.7238838318162115,0.512031216128333,0.6740867579908676,9.528451476843356,6.73984468649746,0.6740867579908676,0.647317878782006,0.9224065712968501,0.08411541806534127,M1,severity_labour,456212,0.06670802170920537,6.471594370776746,6.997751344415968
10,severity_labour,75,gbdt,0.05,3896,46123,3496,0.07579732454523773,0.7208495882097963,0.512031216128333,0.6756292906178489,9.510224701659164,6.7552676720500875,0.6756292906178489,0.6476928853392178,0.9249972313182967,0.09226738739762426,M1,severity_labour,460108,0.06671477131456093,6.4559166231489105,7.04128013347996
10,severity_labour,75,gbdt,0.1,7930,46123,3510,0.07610086074192919,0.7217165149544863,0.5157164535009755,0.6777777777777778,9.483683994087114,6.776749283426066,0.6777777777777778,0.6522364527286327,0.926948847184456,0.0964541802509317,M1,severity_labour,464142,0.06741902262669613,6.481103465888701,7.080656930220427
10,severity_labour,75,gbdt,0.2,10230,46123,3503,0.07594909264358346,0.7338534893801474,0.5239540429221765,0.6899800171281758,9.662439192315313,6.898753160633613,0.6899800171281758,0.6607729396252712,0.9281522320547663,0.09749897344874188,M1,severity_labour,466442,0.06757324597699178,6.604537716232464,7.1809611539939295
10,severity_labour,75,logreg,0.0,0,46123,3504,0.07597077380049,0.7009102730819246,0.5042271840450899,0.6638127853881278,9.226051519793836,6.637120550716804,0.6638127853881278,0.6025874522842716,0.9146750433730492,0.12705159712083475,M1,severity_labour,456212,0.06670802170920537,6.352951426240492,6.930242316791831
10,severity_labour,75,logreg,0.05,3896,46123,3496,0.07579732454523773,0.681837884698743,0.4992412746585736,0.6587528604118993,8.995540262002324,6.58652897914113,0.6587528604118993,0.5864017649065636,0.9108995952812752,0.1309431434639994,M1,severity_labour,460108,0.06671477131456093,6.290196579183635,6.888881603386507
10,severity_labour,75,logreg,0.1,7930,46123,3510,0.07610086074192919,0.6796705678370177,0.5007587253414264,0.6581196581196581,8.931181082719878,6.580197917071969,0.6581196581196581,0.583194244801655,0.9107790160473613,0.13201992499400655,M1,severity_labour,464142,0.06741902262669613,6.2803539506895,6.893325684790659
10,severity_labour,75,logreg,0.2,10230,46123,3503,0.07594909264358346,0.6801040312093628,0.5011922826793843,0.6600057093919498,8.954735435760616,6.5990555678050935,0.6600057093919498,0.5861664717916131,0.913233518551438,0.13271486347959785,M1,severity_labour,466442,0.06757324597699178,6.316789184049045,6.912418800387732
10,occurrence,75,gbdt,0.0,0,46123,14776,0.3203607744509247,0.9969657563935848,0.9733362237155864,0.30387114239306984,3.112009446544485,3.0382503144581747,0.30387114239306984,0.8476744920263858,0.9043102554014517,0.1361069657061549,M1,occurrence,456212,0.2836663656370284,2.8863609940957713,3.206179403612519
10,occurrence,75,gbdt,0.05,3896,46123,14776,0.3203607744509247,0.9956653662765497,0.9739865597225233,0.3040741743367623,3.107950303788123,3.040280325804138,0.3040741743367623,0.8485273652409164,0.9047524421391453,0.140652035408454,M1,occurrence,460108,0.28394637780694965,2.8886095435595283,3.2096084767673494
10,occurrence,75,gbdt,0.1,7930,46123,14776,0.3203607744509247,0.9960988296488946,0.9744201170604813,0.30420952896589065,3.1093033513735766,3.041633666701447,0.30420952896589065,0.8491035796225272,0.9052442042855122,0.1435400422299122,M1,occurrence,464142,0.28548590733008433,2.896006863615922,3.213018029907313
10,occurrence,75,gbdt,0.2,10230,46123,14776,0.3203607744509247,0.9960988296488946,0.9755040104053762,0.3045479155387114,3.1093033513735766,3.0450170189447188,0.3045479155387114,0.8502541253841865,0.9056718125606229,0.14335362380688432,M1,occurrence,466442,0.28621779342340525,2.8956145187104463,3.2173616346901515
10,occurrence,75,logreg,0.0,0,46123,14776,0.3203607744509247,0.9908972691807543,0.9709516583568177,0.3031266919328641,3.0930667803481273,3.030806939522977,0.3031266919328641,0.8400453358120669,0.8980244789582987,0.14142346858113258,M1,occurrence,456212,0.2836663656370284,2.879600642083921,3.1984787539470667
10,occurrence,75,logreg,0.05,3896,46123,14776,0.3203607744509247,0.9900303424360641,0.9692174290049859,0.30258527341635083,3.090360685177219,3.0253935759337414,0.30258527341635083,0.8381215507658017,0.8966936299461177,0.14346433944997902,M1,occurrence,460108,0.28394637780694965,2.8714588279282798,3.1896901397069968
10,occurrence,75,logreg,0.1,7930,46123,14776,0.3203607744509247,0.9900303424360641,0.9679167569911121,0.3021792095289659,3.090360685177219,3.0213335532418153,0.3021792095289659,0.8373207933278608,0.8958246844890374,0.1438921060124682,M1,occurrence,464142,0.28548590733008433,2.8718557969500487,3.1876523809358424
10,occurrence,75,logreg,0.2,10230,46123,14776,0.3203607744509247,0.9900303424360641,0.9679167569911121,0.3021792095289659,3.090360685177219,3.0213335532418153,0.3021792095289659,0.8379885773424162,0.8964628681581575,0.1436718817563119,M1,occurrence,466442,0.28621779342340525,2.8722208064287806,3.1887428572915906
11,severity_labour,75,gbdt,0.0,0,69112,1711,0.024756916309758074,0.3263888888888889,0.19053819444444445,0.7697253068381064,13.183745697772583,7.696362182609261,0.7697253068381064,0.4785036288601981,0.9123812615495606,0.06432174502612392,M1,severity_labour,427825,0.06861450359375913,7.332219338263424,8.04401373164226
11,severity_labour,75,gbdt,0.05,6000,69112,1734,0.025089709457113092,0.3315972222222222,0.19502314814814814,0.7773933102652826,13.216463219274637,7.773033341877055,0.7773933102652826,0.4815347994748516,0.9172933921356702,0.0636358431610623,M1,severity_labour,433825,0.06949345934420562,7.346296673456666,8.06534771754489
11,severity_labour,75,gbdt,0.1,8745,69112,1743,0.02521993286259984,0.3370949074074074,0.19675925925925927,0.7802639127940333,13.366209547183441,7.8017360447079325,0.7802639127940333,0.49128974445519336,0.9161893139084392,0.06143258618363306,M1,severity_labour,436570,0.06947568545708592,7.41817247719433,8.130574887500837
11,severity_labour,75,gbdt,0.2,14745,69112,1787,0.025856580622757263,0.3431712962962963,0.20413773148148148,0.7895914941242306,13.272106675786027,7.8950010621981805,0.7895914941242306,0.49534986271203396,0.9229028730209161,0.06064075842194817,M1,severity_labour,442570,0.06993018053641233,7.486433460403668,8.199512573117486
11,severity_labour,75,logreg,0.0,0,69112,1711,0.024756916309758074,0.3211805555555556,0.18952546296296297,0.7656341320864991,12.973366777063447,7.655455170249151,0.7656341320864991,0.4045115670324363,0.9138731134299698,0.12365434209838148,M1,severity_labour,427825,0.06861450359375913,7.225195871286946,7.972052508092792
11,severity_labour,75,logreg,0.05,6000,69112,1734,0.025089709457113092,0.32407407407407407,0.1918402777777778,0.7647058823529411,12.916613268401042,7.646173747276689,0.7647058823529411,0.40738557954445015,0.9146937086135227,0.12260051758243407,M1,severity_labour,433825,0.06949345934420562,7.196390531059401,7.956684383030273
11,severity_labour,75,logreg,0.1,8745,69112,1743,0.02521993286259984,0.32523148148148145,0.19227430555555555,0.7624784853700516,12.895810756252521,7.62390235545356,0.7624784853700516,0.4073589235099095,0.9150514263388386,0.12141135793727711,M1,severity_labour,436570,0.06947568545708592,7.209934939259118,7.962218361620488
11,severity_labour,75,logreg,0.2,14745,69112,1787,0.025856580622757263,0.33101851851851855,0.19791666666666666,0.7655288192501399,12.802099525378766,7.654402163775415,0.7655288192501399,0.4113716034533384,0.9156566330541306,0.1205480654392162,M1,severity_labour,442570,0.06993018053641233,7.19638489527747,7.961049604457055
11,occurrence,75,gbdt,0.0,0,69112,17744,0.25674267855075816,0.9728009259259259,0.9317129629629629,0.3629395852119026,3.789011361169556,3.6289757831546607,0.3629395852119026,0.8239616808961212,0.9122771244749075,0.11022137519218911,M1,occurrence,427825,0.29171740781861744,3.4464263117034033,3.8502588559549085
11,occurrence,75,gbdt,0.05,6000,69112,17744,0.25674267855075816,0.9742476851851852,0.9338831018518519,0.3637849413886384,3.794646416733461,3.6374283665005183,0.3637849413886384,0.8245093736244676,0.9125952356510542,0.11084053130212113,M1,occurrence,433825,0.29383968189938336,3.4582070114553702,3.8489909270967013
11,occurrence,75,gbdt,0.1,8745,69112,17744,0.25674267855075816,0.9742476851851852,0.9338831018518519,0.3637849413886384,3.794646416733461,3.6374283665005183,0.3637849413886384,0.8243402289652498,0.9126119454019365,0.11047441925690639,M1,occurrence,436570,0.2942689603041895,3.4478408133092215,3.847381317813408
11,occurrence,75,gbdt,0.2,14745,69112,17744,0.25674267855075816,0.9748263888888888,0.9334490740740741,0.3636158701532913,3.7969004389590224,3.6357378498313464,0.3636158701532913,0.8251414097288895,0.9131834412634434,0.11004345583091253,M1,occurrence,442570,0.29499966107056513,3.4513271808193955,3.8481274528920144
11,occurrence,75,logreg,0.0,0,69112,17744,0.25674267855075816,0.9704861111111112,0.9291087962962963,0.36192515779981965,3.7799952722673082,3.6188326831396322,0.36192515779981965,0.8204943192133572,0.9118576264011767,0.11653676973423535,M1,occurrence,427825,0.29171740781861744,3.4342014458528842,3.823812730557994
11,occurrence,75,logreg,0.05,6000,69112,17744,0.25674267855075816,0.9713541666666666,0.9292534722222222,0.3619815148782687,3.783376305605651,3.619396188696023,0.3619815148782687,0.8203104719348818,0.9118178282190259,0.11708022618822157,M1,occurrence,433825,0.29383968189938336,3.433474460261587,3.82247557678531
11,occurrence,75,logreg,0.1,8745,69112,17744,0.25674267855075816,0.9713541666666666,0.9289641203703703,0.3618688007213706,3.783376305605651,3.6182691775832416,0.3618688007213706,0.820434220354191,0.9118592775731725,0.1168253003862139,M1,occurrence,436570,0.2942689603041895,3.433749235163077,3.8228098652284808
11,occurrence,75,logreg,0.2,14745,69112,17744,0.25674267855075816,0.9716435185185185,0.9292534722222222,0.3619815148782687,3.784503316718432,3.619396188696023,0.3619815148782687,0.8208180867712562,0.9119355288056379,0.11666520143725743,M1,occurrence,442570,0.29499966107056513,3.433199685360097,3.8229398451485874
