regime,held_out_university,target_kind,pctl,layer,model,best_rule_name,best_rule_lift_top10,beats_best_rule,meets_2x,sufficient,n,n_pos,base_rate,prec_top5,prec_top10,recall_top10,lift_top5,lift_top10,capture_top10,pr_auc,roc_auc,brier,target,n_train,train_base_rate,lift_top10_ci_lo,lift_top10_ci_hi,capture_top10_ci_lo,capture_top10_ci_hi,lift_rule_upm_count_prevyear,lift_rule_upm_cost_prevyear,lift_rule_upm_labour_prevyear,lift_rule_trend_up_ppm_down
louo_recent,1,occurrence,75,M0,gbdt,rule_upm_count_prevyear,2.2122397364081476,True,True,True,24288,10884,0.4481225296442688,0.9958847736625515,0.9938246191848498,0.22179345828739433,2.222349263388097,2.217751961664979,0.22179345828739433,0.8802667219977299,0.8838358738377887,0.13734471874915793,occurrence,355743,0.3738850799594089,2.089486676851896,2.353630515465465,0.20900518563804557,0.2353890158984761,2.2122397364081476,2.144255624907233,2.171816751191388,1.8521076862951935
louo_recent,1,occurrence,75,M0,logreg,rule_upm_count_prevyear,2.2122397364081476,True,True,True,24288,10884,0.4481225296442688,0.9975308641975309,0.9934129271305063,0.2217015803013598,2.2260225679556807,2.216833257455507,0.2217015803013598,0.874928908246479,0.8760673378722319,0.14012657789636135,occurrence,355743,0.3738850799594089,2.090422502361992,2.352013420542077,0.20909995653199454,0.23522727837537075,2.2122397364081476,2.144255624907233,2.171816751191388,1.8521076862951935
louo_recent,1,occurrence,75,M1,gbdt,rule_upm_count_prevyear,2.2122397364081476,True,True,True,24288,10884,0.4481225296442688,0.9950617283950617,0.9938246191848498,0.22179345828739433,2.220512611104305,2.217751961664979,0.22179345828739433,0.8800089774791691,0.8835835623839736,0.13732573411423085,occurrence,355743,0.3738850799594089,2.0902321344700177,2.3553959990053093,0.20907974807427507,0.23559415949464674,2.2122397364081476,2.144255624907233,2.171816751191388,1.8521076862951935
louo_recent,1,occurrence,75,M1,logreg,rule_upm_count_prevyear,2.2122397364081476,True,True,True,24288,10884,0.4481225296442688,0.9975308641975309,0.9934129271305063,0.2217015803013598,2.2260225679556807,2.216833257455507,0.2217015803013598,0.8752409563805853,0.8763093298461921,0.14008339385007101,occurrence,355743,0.3738850799594089,2.091305324115306,2.3534864837131018,0.209187223885493,0.23537303541197702,2.2122397364081476,2.144255624907233,2.171816751191388,1.8521076862951935
louo_recent,1,severity_labour,75,M0,gbdt,rule_upm_count_prevyear,5.45604581890393,True,True,True,24288,3264,0.13438735177865613,0.9094650205761317,0.7501029230135858,0.5582107843137255,6.767489711934156,5.5816482212481535,0.5582107843137255,0.7241007388993504,0.9054508360076812,0.11363916193049386,severity_labour,355743,0.08784431457540978,5.0492740633281,6.022343943552475,0.5049774058802704,0.6022861438602879,5.45604581890393,5.165015862252682,5.2783643716852735,3.3024241396846925
louo_recent,1,severity_labour,75,M0,logreg,rule_upm_count_prevyear,5.45604581890393,True,True,True,24288,3264,0.13438735177865613,0.9020576131687242,0.7476327706875258,0.5563725490196079,6.712369886226095,5.563267381880706,0.5563725490196079,0.7138431790832225,0.898514595889012,0.1268070755574232,severity_labour,355743,0.08784431457540978,5.043519355185335,6.026921302061393,0.5043950443891114,0.6027322885570809,5.45604581890393,5.165015862252682,5.2783643716852735,3.3024241396846925
louo_recent,1,severity_labour,75,M1,gbdt,rule_upm_count_prevyear,5.45604581890393,True,True,True,24288,3264,0.13438735177865613,0.9292181069958848,0.7653355290242898,0.569546568627451,6.9144759138223195,5.694996730680745,0.569546568627451,0.7465905967453142,0.9145262921390492,0.11113593298956283,severity_labour,355743,0.08784431457540978,5.185787603335003,6.177275228714583,0.5187071869555581,0.6178929023850621,5.45604581890393,5.165015862252682,5.2783643716852735,3.3024241396846925
louo_recent,1,severity_labour,75,M1,logreg,rule_upm_count_prevyear,5.45604581890393,True,True,True,24288,3264,0.13438735177865613,0.9094650205761317,0.7542198435570193,0.5612745098039216,6.767489711934156,5.612282953527232,0.5612745098039216,0.7198637688453455,0.9014696177058152,0.12344591506225701,severity_labour,355743,0.08784431457540978,5.080287940231342,6.0752123132696685,0.5080682199824608,0.6076023363881655,5.45604581890393,5.165015862252682,5.2783643716852735,3.3024241396846925
louo_recent,2,occurrence,75,M0,gbdt,rule_upm_count_prevyear,2.7071616161967063,True,True,True,14277,4838,0.3388667086923023,0.9663865546218487,0.9369747899159664,0.27656056221579167,2.851819107138515,2.7650246125734297,0.27656056221579167,0.7760369367184257,0.8463799845144785,0.15650476954002496,occurrence,365754,0.3801817615118358,2.58159252487664,2.9716115952334126,0.2581675001803183,0.2973630540391779,2.7071616161967063,2.3269190685782375,2.355850566766599,2.076868262807397
louo_recent,2,occurrence,75,M0,logreg,rule_upm_count_prevyear,2.7071616161967063,True,True,True,14277,4838,0.3388667086923023,0.9537815126050421,0.9257703081232493,0.2732534105002067,2.8146214666106215,2.731960043215302,0.2732534105002067,0.764985072246369,0.8408576779487145,0.15777807713027953,occurrence,365754,0.3801817615118358,2.5604158247765554,2.9306497375328764,0.256086053452245,0.29318149801429316,2.7071616161967063,2.3269190685782375,2.355850566766599,2.076868262807397
louo_recent,2,occurrence,75,M1,gbdt,rule_upm_count_prevyear,2.7071616161967063,True,True,True,14277,4838,0.3388667086923023,0.9593837535014006,0.9285714285714286,0.2740801984291029,2.831153751289685,2.740226185554834,0.2740801984291029,0.7737609653661686,0.8467297970944697,0.1551351982600183,occurrence,365754,0.3801817615118358,2.5729999635903757,2.9593866151068244,0.25743115917793197,0.29603205842654934,2.7071616161967063,2.3269190685782375,2.355850566766599,2.076868262807397
louo_recent,2,occurrence,75,M1,logreg,rule_upm_count_prevyear,2.7071616161967063,True,True,True,14277,4838,0.3388667086923023,0.9551820728291317,0.9257703081232493,0.2732534105002067,2.8187545377803875,2.731960043215302,0.2732534105002067,0.7667471095862739,0.8414904807926407,0.15663273581702886,occurrence,365754,0.3801817615118358,2.5567836466364033,2.934332469319657,0.25572280396374647,0.29355631952785816,2.7071616161967063,2.3269190685782375,2.355850566766599,2.076868262807397
louo_recent,2,severity_labour,75,M0,gbdt,rule_upm_count_prevyear,4.529831179333659,False,True,False,14277,1673,0.11718148070322897,0.6610644257703081,0.5175070028011205,0.44172145845786015,5.641372867138487,4.416286598321338,0.44172145845786015,0.49124215266475246,0.8329024808868162,0.1064398603124801,severity_labour,365754,0.08961214368127211,4.0760189975047405,4.753684093914606,0.4077493452534244,0.47566621344487703,4.529831179333659,4.039796671806798,4.15334125281912,2.9222789534223734
louo_recent,2,severity_labour,75,M0,logreg,rule_upm_count_prevyear,4.529831179333659,False,True,False,14277,1673,0.11718148070322897,0.6666666666666666,0.5168067226890757,0.4411237298266587,5.6891811117752535,4.410310567741742,0.4411237298266587,0.4844352716166521,0.815916725266583,0.10983918445183417,severity_labour,365754,0.08961214368127211,4.091284840161409,4.689511690867634,0.40929430818978313,0.46914050885429986,4.529831179333659,4.039796671806798,4.15334125281912,2.9222789534223734
louo_recent,2,severity_labour,75,M1,gbdt,rule_upm_count_prevyear,4.529831179333659,True,True,True,14277,1673,0.11718148070322897,0.6834733893557423,0.5413165266106442,0.4620442319187089,5.8326058456855545,4.619471638027596,0.4620442319187089,0.5173345881135429,0.8447183154030551,0.11676484117684875,severity_labour,365754,0.08961214368127211,4.261754831262923,4.918494305918238,0.4263567625635488,0.4918891513429071,4.529831179333659,4.039796671806798,4.15334125281912,2.9222789534223734
louo_recent,2,severity_labour,75,M1,logreg,rule_upm_count_prevyear,4.529831179333659,False,True,False,14277,1673,0.11718148070322897,0.5896358543417367,0.5119047619047619,0.43693962940824865,5.03181774801971,4.36847835368457,0.43693962940824865,0.4383541473082441,0.822749108765934,0.12785189256989396,severity_labour,365754,0.08961214368127211,3.9723876818520476,4.689090011028233,0.39730932549403886,0.4691882504763729,4.529831179333659,4.039796671806798,4.15334125281912,2.9222789534223734
louo_recent,3,occurrence,75,M0,gbdt,rule_upm_count_prevyear,4.1185443386373795,False,True,False,66142,13911,0.2103202201324423,0.9455864570737605,0.8592592592592593,0.4085975127596866,4.495936988266313,4.085480980945002,0.4085975127596866,0.7239387452396266,0.87095333706253,0.10900246641591815,occurrence,313889,0.41409542863878634,3.863309336009713,4.264869377588033,0.3863577504705309,0.426519672915633,4.1185443386373795,3.5039971467464612,3.6132499808604024,2.2490270917271133
louo_recent,3,occurrence,75,M0,logreg,rule_upm_count_prevyear,4.1185443386373795,True,True,True,66142,13911,0.2103202201324423,0.9498186215235792,0.8675736961451247,0.41255121846021137,4.516059468392824,4.125013256446757,0.41255121846021137,0.7428384215916497,0.8868818560596509,0.11029614559359849,occurrence,313889,0.41409542863878634,3.9204643227764944,4.336383068164969,0.39206793663378553,0.43366331004463243,4.1185443386373795,3.5039971467464612,3.6132499808604024,2.2490270917271133
louo_recent,3,occurrence,75,M1,gbdt,rule_upm_count_prevyear,4.1185443386373795,False,True,False,66142,13911,0.2103202201324423,0.9383313180169287,0.852910052910053,0.40557831931564947,4.4614413080494355,4.055292697834572,0.40557831931564947,0.7196112159580013,0.8701395497683801,0.10955215194075994,occurrence,313889,0.41409542863878634,3.8331610044793756,4.235705733171579,0.3833439225480181,0.4235999754610051,4.1185443386373795,3.5039971467464612,3.6132499808604024,2.2490270917271133
louo_recent,3,occurrence,75,M1,logreg,rule_upm_count_prevyear,4.1185443386373795,False,True,False,66142,13911,0.2103202201324423,0.9486094316807738,0.8647014361300076,0.4111853928545755,4.510310188356678,4.111356652182515,0.4111853928545755,0.7417546163638565,0.886565345451231,0.1100999727894955,occurrence,313889,0.41409542863878634,3.910226179311781,4.332693575149052,0.39104406879334813,0.4332873212789231,4.1185443386373795,3.5039971467464612,3.6132499808604024,2.2490270917271133
louo_recent,3,severity_labour,75,M0,gbdt,rule_upm_count_prevyear,6.338890865102274,False,True,False,66142,2161,0.03267212966042757,0.2539298669891173,0.17581254724111867,0.5381767700138824,7.772063517998239,5.381116843878792,0.5381767700138824,0.23828866913098753,0.8291521948748364,0.034757196245485664,severity_labour,313889,0.09798686796925028,4.853670028843266,5.824339451395215,0.48537030179596374,0.582438131753224,6.338890865102274,5.936348160530087,6.149186831913082,2.9057105571417723
louo_recent,3,severity_labour,75,M0,logreg,rule_upm_count_prevyear,6.338890865102274,False,True,False,66142,2161,0.03267212966042757,0.2965538089480048,0.20272108843537415,0.6205460434983804,9.076659894233657,6.204709963578212,0.6205460434983804,0.30400337721990506,0.8849548014460361,0.05227688560501734,severity_labour,313889,0.09798686796925028,5.705657169409326,6.553852465516024,0.5706012086690747,0.6554038048795885,6.338890865102274,5.936348160530087,6.149186831913082,2.9057105571417723
louo_recent,3,severity_labour,75,M1,gbdt,rule_upm_count_prevyear,6.338890865102274,False,True,False,66142,2161,0.03267212966042757,0.2841596130592503,0.19062736205593347,0.5835261453031004,8.697309174902792,5.834555752477349,0.5835261453031004,0.27929618106490883,0.8435772822162085,0.038103647449981654,severity_labour,313889,0.09798686796925028,5.40872100756909,6.193164501036312,0.5409072743342428,0.6193265765911853,6.338890865102274,5.936348160530087,6.149186831913082,2.9057105571417723
louo_recent,3,severity_labour,75,M1,logreg,rule_upm_count_prevyear,6.338890865102274,False,True,False,66142,2161,0.03267212966042757,0.30169286577992743,0.20423280423280424,0.6251735307727904,9.23395165590743,6.25097923996582,0.6251735307727904,0.27874635747125187,0.8855247300142415,0.052802324944824626,severity_labour,313889,0.09798686796925028,5.842533329294915,6.623137620981473,0.5842871225898588,0.662329595540768,6.338890865102274,5.936348160530087,6.149186831913082,2.9057105571417723
louo_recent,4,occurrence,75,M0,gbdt,rule_upm_count_prevyear,1.6827792460703854,False,False,False,24195,14378,0.5942550113659847,1.0,1.0,0.16831269995826958,1.6827792460703854,1.6827792460703854,0.16831269995826958,0.9346853449531212,0.8987352115844025,0.12769618942602165,occurrence,355836,0.363968232556571,1.6088406347061217,1.7839839778730189,0.1609149615333284,0.1784480082008442,1.6827792460703854,1.5951634671427537,1.641057446581037,1.610461460288848
louo_recent,4,occurrence,75,M0,logreg,rule_upm_count_prevyear,1.6827792460703854,False,False,False,24195,14378,0.5942550113659847,1.0,0.9995867768595041,0.1682431492558075,1.6827792460703854,1.6820838827455629,0.1682431492558075,0.931829654264062,0.893485337951022,0.1304831151581528,occurrence,355836,0.363968232556571,1.6088406347061217,1.7835977349560959,0.1609149615333284,0.1784093711681683,1.6827792460703854,1.5951634671427537,1.641057446581037,1.610461460288848
louo_recent,4,occurrence,75,M1,gbdt,rule_upm_count_prevyear,1.6827792460703854,False,False,False,24195,14378,0.5942550113659847,1.0,0.9995867768595041,0.1682431492558075,1.6827792460703854,1.6820838827455629,0.1682431492558075,0.9336951196736343,0.8977572119515893,0.12846834286301168,occurrence,355836,0.363968232556571,1.6088406347061217,1.7831541262591621,0.1609149615333284,0.17837085329340796,1.6827792460703854,1.5951634671427537,1.641057446581037,1.610461460288848
louo_recent,4,occurrence,75,M1,logreg,rule_upm_count_prevyear,1.6827792460703854,False,False,False,24195,14378,0.5942550113659847,1.0,0.9995867768595041,0.1682431492558075,1.6827792460703854,1.6820838827455629,0.1682431492558075,0.9317210219951265,0.8932526934372094,0.13059325731325708,occurrence,355836,0.363968232556571,1.6088406347061217,1.7839839778730189,0.1609149615333284,0.1784480082008442,1.6827792460703854,1.5951634671427537,1.641057446581037,1.610461460288848
louo_recent,4,severity_labour,75,M0,gbdt,rule_upm_labour_prevyear,4.727211910820069,False,True,False,24195,3771,0.15585864848109113,0.7487603305785124,0.709504132231405,0.4553168920710687,4.804098700171601,4.552228183330375,0.4553168920710687,0.6089082346853422,0.8803257898865973,0.2148609344903396,severity_labour,355836,0.08719185242639868,4.050083436824758,5.109731577129407,0.4051132740189868,0.5110334992148413,4.440874902200569,4.000764314878006,4.727211910820069,2.8607188175966654
louo_recent,4,severity_labour,75,M0,logreg,rule_upm_labour_prevyear,4.727211910820069,False,True,False,24195,3771,0.15585864848109113,0.7429752066115702,0.6966942148760331,0.44709626093874305,4.766980939794999,4.470038856782185,0.44709626093874305,0.6004163760074501,0.870156312533349,0.24124574002772362,severity_labour,355836,0.08719185242639868,4.008216802839109,4.956418110940175,0.4008881055841144,0.4957394296416095,4.440874902200569,4.000764314878006,4.727211910820069,2.8607188175966654
louo_recent,4,severity_labour,75,M1,gbdt,rule_upm_labour_prevyear,4.727211910820069,True,True,True,24195,3771,0.15585864848109113,0.9338842975206612,0.8107438016528926,0.5202863961813843,5.991867032222858,5.201788989920907,0.5202863961813843,0.7552457282316131,0.9181194203958031,0.13088478592854266,severity_labour,355836,0.08719185242639868,4.687241475888043,5.666673976769506,0.4688768969126112,0.5667978942299273,4.440874902200569,4.000764314878006,4.727211910820069,2.8607188175966654
louo_recent,4,severity_labour,75,M1,logreg,rule_upm_labour_prevyear,4.727211910820069,False,True,False,24195,3771,0.15585864848109113,0.7760330578512397,0.7243801652892562,0.4648634314505436,4.979082427661295,4.647673852870208,0.4648634314505436,0.6292182735939512,0.879803145471922,0.22576646947237405,severity_labour,355836,0.08719185242639868,4.148819617404683,5.158026136322042,0.4149598477555789,0.5159173753832181,4.440874902200569,4.000764314878006,4.727211910820069,2.8607188175966654
louo_recent,5,occurrence,75,M0,gbdt,rule_upm_count_prevyear,2.682379159367368,True,True,True,110172,40778,0.37013034164760555,0.9990923942639317,0.993283717553095,0.2683800088282898,2.699298819482218,2.6836052216945308,0.2683800088282898,0.8819827476254173,0.9093884738871915,0.11443493911878212,occurrence,269859,0.3820995408713439,2.5333669524136253,2.886989952309041,0.2533483186030737,0.28871017721529757,2.682379159367368,2.5345160427115014,2.532309130522608,2.125011225439035
louo_recent,5,occurrence,75,M0,logreg,rule_upm_count_prevyear,2.682379159367368,False,True,False,110172,40778,0.37013034164760555,0.9983663096750771,0.9926483935378472,0.2682083476384325,2.6973371197587572,2.6818887344365026,0.2682083476384325,0.8834045694903472,0.9106965337582866,0.11392688146643998,occurrence,269859,0.3820995408713439,2.5315394061508933,2.8838454640291484,0.2531655568847231,0.2883956959088056,2.682379159367368,2.5345160427115014,2.532309130522608,2.125011225439035
louo_recent,5,occurrence,75,M1,gbdt,rule_upm_count_prevyear,2.682379159367368,True,True,True,110172,40778,0.37013034164760555,0.9987293519695044,0.9931021964058813,0.26833096277404483,2.6983179696204878,2.6831147967636655,0.26833096277404483,0.8807924463431731,0.9085762285678605,0.1149261350928208,occurrence,269859,0.3820995408713439,2.5329171082344097,2.884317557764747,0.25330333381319003,0.2884429274166082,2.682379159367368,2.5345160427115014,2.532309130522608,2.125011225439035
louo_recent,5,occurrence,75,M1,logreg,rule_upm_count_prevyear,2.682379159367368,False,True,False,110172,40778,0.37013034164760555,0.9987293519695044,0.9923761118170267,0.2681347785570651,2.6983179696204878,2.6811530970402044,0.2681347785570651,0.8838034915521094,0.910892000597034,0.1138444401811799,occurrence,269859,0.3820995408713439,2.5315237217218307,2.883136430647424,0.25316768542225915,0.2883247898383536,2.682379159367368,2.5345160427115014,2.532309130522608,2.125011225439035
louo_recent,5,severity_labour,75,M0,gbdt,rule_upm_labour_prevyear,5.713237131218611,False,True,False,110172,9017,0.08184475184257343,0.5757850789616991,0.41477582138319113,0.5068204502606188,7.03508857928006,5.067836508087938,0.5068204502606188,0.461968257974254,0.8465540469044223,0.08669574000730354,severity_labour,269859,0.08968016630907251,4.751585916121042,5.39521573370852,0.47516917449093804,0.5395354461018234,5.67553331474706,5.56131292955383,5.713237131218611,3.0218499966169867
louo_recent,5,severity_labour,75,M0,logreg,rule_upm_labour_prevyear,5.713237131218611,False,True,False,110172,9017,0.08184475184257343,0.6322381557451443,0.4542566709021601,0.5550626594210935,7.724846633553736,5.55022357176808,0.5550626594210935,0.5255053744452528,0.8769933721105134,0.10531928544940075,severity_labour,269859,0.08968016630907251,5.293752527311834,5.837100844409129,0.5294040353353248,0.5837157218448628,5.67553331474706,5.56131292955383,5.713237131218611,3.0218499966169867
louo_recent,5,severity_labour,75,M1,gbdt,rule_upm_labour_prevyear,5.713237131218611,False,True,False,110172,9017,0.08184475184257343,0.6086404066073697,0.4512615719731349,0.5514029056227127,7.436523331124225,5.5136286910751044,0.5514029056227127,0.5078314753736478,0.8611951753191637,0.07651738524644124,severity_labour,269859,0.08968016630907251,5.198579103893777,5.7859117651429655,0.5198896154015774,0.578620195457501,5.67553331474706,5.56131292955383,5.713237131218611,3.0218499966169867
louo_recent,5,severity_labour,75,M1,logreg,rule_upm_labour_prevyear,5.713237131218611,True,True,True,110172,9017,0.08184475184257343,0.6654565256852424,0.47358867308041386,0.578684706665188,8.1307171285122,5.786426892604564,0.578684706665188,0.5565023648110328,0.8846325204506779,0.10198930371209933,severity_labour,269859,0.08968016630907251,5.561386515065316,6.088672196593606,0.5561412781953264,0.6088702249077333,5.67553331474706,5.56131292955383,5.713237131218611,3.0218499966169867
louo_recent,6,occurrence,75,M0,gbdt,rule_upm_count_prevyear,1.5423576578231482,True,False,False,23901,15464,0.6470022174804402,1.0,0.999163529903806,0.15448784273150543,1.54558975685463,1.5442969172420373,0.15448784273150543,0.9387080639020435,0.8872478373687305,0.1348902721725063,occurrence,356130,0.3606183135371915,1.5001919443851264,1.5967519841646645,0.15006534899231294,0.15969621691314542,1.5423576578231482,1.066592680389017,1.5035724694453656,1.450566045329063
louo_recent,6,occurrence,75,M0,logreg,rule_upm_count_prevyear,1.5423576578231482,True,False,False,23901,15464,0.6470022174804402,0.9991638795986622,0.9983270598076118,0.1543585100879462,1.5442974577268251,1.5430040776294445,0.1543585100879462,0.9358281693157864,0.8819037219411627,0.13571921003785614,occurrence,356130,0.3606183135371915,1.5001919443851264,1.5943575458325332,0.15006534899231294,0.15945607404151643,1.5423576578231482,1.066592680389017,1.5035724694453656,1.450566045329063
louo_recent,6,occurrence,75,M1,gbdt,rule_upm_count_prevyear,1.5423576578231482,True,False,False,23901,15464,0.6470022174804402,1.0,0.999163529903806,0.15448784273150543,1.54558975685463,1.5442969172420373,0.15448784273150543,0.9392147672745413,0.8882610989236985,0.13405453454787405,occurrence,356130,0.3606183135371915,1.5004995222498363,1.5967519841646645,0.15009543894543595,0.15969621691314542,1.5423576578231482,1.066592680389017,1.5035724694453656,1.450566045329063
louo_recent,6,occurrence,75,M1,logreg,rule_upm_count_prevyear,1.5423576578231482,True,False,False,23901,15464,0.6470022174804402,0.9991638795986622,0.998745294855709,0.1544231764097258,1.5442974577268251,1.543650497435741,0.1544231764097258,0.9360429655592755,0.8824241375212685,0.1354026616516134,occurrence,356130,0.3606183135371915,1.4986759518781096,1.595151083912943,0.14991302610355944,0.15954160512935314,1.5423576578231482,1.066592680389017,1.5035724694453656,1.450566045329063
louo_recent,6,severity_labour,75,M0,gbdt,rule_upm_count_prevyear,2.7380590398767897,True,True,True,23901,7539,0.3154261327977909,0.9247491638795987,0.8678377248013384,0.2752354423663616,2.9317455585470604,2.7513184056873308,0.2752354423663616,0.7319464121612644,0.8452921716984891,0.19678901592549852,severity_labour,356130,0.08436245191362704,2.594565531966826,2.93506331636765,0.25950973888902396,0.29358371179558673,2.7380590398767897,0.9825190065611142,2.635961923135621,2.0419423348233683
louo_recent,6,severity_labour,75,M0,logreg,rule_upm_count_prevyear,2.7380590398767897,True,True,True,23901,7539,0.3154261327977909,0.9531772575250836,0.890004182350481,0.2822655524605385,3.021871552209447,2.8215930444832,0.2822655524605385,0.747470065777773,0.8481405674723196,0.1969143445261077,severity_labour,356130,0.08436245191362704,2.636656724859147,3.0064278692444737,0.2637020110169516,0.30069680678324406,2.7380590398767897,0.9825190065611142,2.635961923135621,2.0419423348233683
louo_recent,6,severity_labour,75,M1,gbdt,rule_upm_count_prevyear,2.7380590398767897,True,True,True,23901,7539,0.3154261327977909,0.9531772575250836,0.9017147636971978,0.28597957288765086,3.021871552209447,2.858719268752716,0.28597957288765086,0.7592125229629683,0.8597135947548566,0.20894861491968963,severity_labour,356130,0.08436245191362704,2.673485806599869,3.049393082172801,0.26739970741374314,0.3049659060749794,2.7380590398767897,0.9825190065611142,2.635961923135621,2.0419423348233683
louo_recent,6,severity_labour,75,M1,logreg,rule_upm_count_prevyear,2.7380590398767897,True,True,True,23901,7539,0.3154261327977909,0.9515050167224081,0.8891677122542869,0.28200026528717337,3.016570023170483,2.8189411713210917,0.28200026528717337,0.7503929546226132,0.8515379562598491,0.20203152154648,severity_labour,356130,0.08436245191362704,2.6571278758451298,3.0042823464605695,0.2657720510272631,0.30049274032627143,2.7380590398767897,0.9825190065611142,2.635961923135621,2.0419423348233683
louo_recent,7,occurrence,75,M0,gbdt,rule_upm_count_prevyear,2.038215538847118,False,True,False,1048,475,0.4532442748091603,0.9433962264150944,0.9238095238095239,0.20421052631578948,2.0814299900695135,2.038215538847118,0.20421052631578948,0.8376351016583432,0.8571011297878204,0.15152765749294203,occurrence,378983,0.37842330658631124,1.789394012593924,2.431122237486937,0.18031421700683378,0.2452028626775721,2.038215538847118,1.912140350877193,1.912140350877193,1.5759398496240602
louo_recent,7,occurrence,75,M0,logreg,rule_upm_count_prevyear,2.038215538847118,True,True,True,1048,475,0.4532442748091603,0.9433962264150944,0.9428571428571428,0.20842105263157895,2.0814299900695135,2.0802406015037596,0.20842105263157895,0.8293399042912237,0.8455975016074218,0.15895663322727308,occurrence,378983,0.37842330658631124,1.8245846433803155,2.439517942424084,0.18301971104741194,0.24463660353161684,2.038215538847118,1.912140350877193,1.912140350877193,1.5759398496240602
louo_recent,7,occurrence,75,M1,gbdt,rule_upm_count_prevyear,2.038215538847118,True,True,True,1048,475,0.4532442748091603,0.9433962264150944,0.9523809523809523,0.21052631578947367,2.0814299900695135,2.1012531328320803,0.21052631578947367,0.8389044232036748,0.8573968953798108,0.15169770841713842,occurrence,378983,0.37842330658631124,1.8406798730546434,2.439517942424084,0.18516774247541298,0.24501229889642331,2.038215538847118,1.912140350877193,1.912140350877193,1.5759398496240602
louo_recent,7,occurrence,75,M1,logreg,rule_upm_count_prevyear,2.038215538847118,True,True,True,1048,475,0.4532442748091603,0.9433962264150944,0.9428571428571428,0.20842105263157895,2.0814299900695135,2.0802406015037596,0.20842105263157895,0.8311929995933032,0.8461412694038761,0.1590802188684065,occurrence,378983,0.37842330658631124,1.8406798730546434,2.4477153341408204,0.1846640619782275,0.24528253670569547,2.038215538847118,1.912140350877193,1.912140350877193,1.5759398496240602
louo_recent,7,severity_labour,75,M0,gbdt,rule_upm_labour_prevyear,3.616287094547964,False,True,False,1048,69,0.06583969465648855,0.22641509433962265,0.17142857142857143,0.2608695652173913,3.4388843314191964,2.603726708074534,0.2608695652173913,0.19642273249620115,0.7266361711891756,0.15592725536336566,severity_labour,378983,0.0896530978962117,1.7421728619781465,3.9776162870945475,0.17520833333333333,0.3984920634920634,1.7358178053830227,3.326984126984127,3.616287094547964,1.1572118702553487
louo_recent,7,severity_labour,75,M0,logreg,rule_upm_labour_prevyear,3.616287094547964,False,False,False,1048,69,0.06583969465648855,0.11320754716981132,0.12380952380952381,0.18840579710144928,1.7194421657095982,1.8804692891649415,0.18840579710144928,0.1309286472492673,0.6630545809832571,0.15769904948093724,severity_labour,378983,0.0896530978962117,0.7995922330097086,2.907978702012956,0.08,0.2916666666666667,1.7358178053830227,3.326984126984127,3.616287094547964,1.1572118702553487
louo_recent,7,severity_labour,75,M1,gbdt,rule_upm_labour_prevyear,3.616287094547964,True,True,True,1048,69,0.06583969465648855,0.2641509433962264,0.26666666666666666,0.4057971014492754,4.0120317199890625,4.05024154589372,0.4057971014492754,0.24032005993038552,0.7813725925596957,0.1340101674149666,severity_labour,378983,0.0896530978962117,2.9950982670071395,5.23127667140825,0.30125,0.5266891891891892,1.7358178053830227,3.326984126984127,3.616287094547964,1.1572118702553487
louo_recent,7,severity_labour,75,M1,logreg,rule_upm_labour_prevyear,3.616287094547964,False,True,False,1048,69,0.06583969465648855,0.1320754716981132,0.13333333333333333,0.2028985507246377,2.0060158599945312,2.02512077294686,0.2028985507246377,0.15694189279590287,0.6791831357048749,0.15187325114869116,severity_labour,378983,0.0896530978962117,1.0073673469387756,3.2730232979663993,0.10096938775510206,0.32846153846153825,1.7358178053830227,3.326984126984127,3.616287094547964,1.1572118702553487
louo_recent,10,occurrence,75,M0,gbdt,rule_upm_count_prevyear,2.423595348885824,True,True,True,47974,19382,0.4040105056905824,0.9974989578991247,0.9835348061692372,0.2434733257661748,2.46899262234303,2.4344287891426575,0.2434733257661748,0.8571172135396302,0.8820722882537677,0.1394326471046238,occurrence,332057,0.3749627323019843,2.332532040623398,2.592442157537375,0.233257568554429,0.25926789692195323,2.423595348885824,1.2860841219183397,2.3343484362938174,1.625016038524978
louo_recent,10,occurrence,75,M0,logreg,rule_upm_count_prevyear,2.423595348885824,True,True,True,47974,19382,0.4040105056905824,0.9945810754481034,0.980408503543143,0.24269941182540503,2.4617703288384747,2.426690617530634,0.24269941182540503,0.8493080763884239,0.8737472935748772,0.14625294613068948,occurrence,332057,0.3749627323019843,2.32485289434977,2.573457548018035,0.23251112885353303,0.2573811067877215,2.423595348885824,1.2860841219183397,2.3343484362938174,1.625016038524978
louo_recent,10,occurrence,75,M1,gbdt,rule_upm_count_prevyear,2.423595348885824,True,True,True,47974,19382,0.4040105056905824,0.9979157982492706,0.9872863693205502,0.24440202249509854,2.4700243785579667,2.4437145950770858,0.24440202249509854,0.8589103642546172,0.8833313293759832,0.14142908282652747,occurrence,332057,0.3749627323019843,2.338278127890574,2.5971050402564138,0.23386576807587942,0.2597469465354401,2.423595348885824,1.2860841219183397,2.3343484362938174,1.625016038524978
louo_recent,10,occurrence,75,M1,logreg,rule_upm_count_prevyear,2.423595348885824,True,True,True,47974,19382,0.4040105056905824,0.9941642350979575,0.9816590245935807,0.24300897740171293,2.460738572623538,2.429785886175443,0.24300897740171293,0.8498858544694202,0.8741859837544766,0.14596279845403268,occurrence,332057,0.3749627323019843,2.3254682054285043,2.5785804202883216,0.23255833546012358,0.2578934640802345,2.423595348885824,1.2860841219183397,2.3343484362938174,1.625016038524978
louo_recent,10,severity_labour,75,M0,gbdt,rule_upm_count_prevyear,5.630828865976387,False,True,False,47974,4592,0.09571851419518906,0.7194664443518133,0.5362651104626928,0.560322299651568,7.516481533391526,5.602522301684935,0.560322299651568,0.5813231146567949,0.8820795190028075,0.08879906833571508,severity_labour,332057,0.08745787620800044,5.337619736968077,5.871797765722478,0.5337941489739038,0.5872479005873429,5.630828865976387,1.4741187711778863,5.35865036317397,2.6042039148135183
louo_recent,10,severity_labour,75,M0,logreg,rule_upm_count_prevyear,5.630828865976387,True,True,True,47974,4592,0.09571851419518906,0.7190496040016674,0.5437682367653189,0.5681620209059234,7.5121266773466875,5.680909710492032,0.5681620209059234,0.5743433290801321,0.8816289495779893,0.1331925821285297,severity_labour,332057,0.08745787620800044,5.38480706809354,5.979098083546164,0.5385447289470706,0.5979926513985858,5.630828865976387,1.4741187711778863,5.35865036317397,2.6042039148135183
louo_recent,10,severity_labour,75,M1,gbdt,rule_upm_count_prevyear,5.630828865976387,True,True,True,47974,4592,0.09571851419518906,0.7465610671112963,0.5521050437682368,0.5768728222996515,7.799547176306039,5.768006831388805,0.5768728222996515,0.608707720791982,0.8962690951119436,0.09872519097002555,severity_labour,332057,0.08745787620800044,5.509491692672837,6.073466955923718,0.5509603758258901,0.607397788378,5.630828865976387,1.4741187711778863,5.35865036317397,2.6042039148135183
louo_recent,10,severity_labour,75,M1,logreg,rule_upm_count_prevyear,5.630828865976387,True,True,True,47974,4592,0.09571851419518906,0.7261358899541476,0.5564818674447687,0.5814459930313589,7.586159230108945,5.81373281985961,0.5814459930313589,0.5816972615684223,0.887100611201807,0.1279299257189582,severity_labour,332057,0.08745787620800044,5.515616167477309,6.121645635009148,0.5516006998880861,0.6121774506472394,5.630828865976387,1.4741187711778863,5.35865036317397,2.6042039148135183
louo_recent,11,occurrence,75,M0,gbdt,rule_upm_count_prevyear,2.722101299579118,True,True,True,68034,23781,0.3495458153276303,0.9873603762492651,0.958994708994709,0.2743787056894159,2.8246951699988436,2.7435451003635687,0.2743787056894159,0.8417136436192286,0.8930228158435833,0.125776990053043,occurrence,311997,0.384971650368433,2.6452937749773344,2.897173283174688,0.2645408503690991,0.2897335482589345,2.722101299579118,2.586711027959644,2.6018478285133737,1.8433259340986798
louo_recent,11,occurrence,75,M0,logreg,rule_upm_count_prevyear,2.722101299579118,True,True,True,68034,23781,0.3495458153276303,0.9803057025279247,0.9547325102880658,0.27315924477524073,2.804512769260537,2.731351566584175,0.27315924477524073,0.8369410281070885,0.8906941782610391,0.12973356938267153,occurrence,311997,0.384971650368433,2.6304895916271955,2.877799038738578,0.26306393292260954,0.28779209306643955,2.722101299579118,2.586711027959644,2.6018478285133737,1.8433259340986798
louo_recent,11,occurrence,75,M1,gbdt,rule_upm_count_prevyear,2.722101299579118,True,True,True,68034,23781,0.3495458153276303,0.9891240446796002,0.9591416813639035,0.27442075606576677,2.8297407701834207,2.743965567045617,0.27442075606576677,0.8406819320218578,0.8922685217172188,0.1267471008758746,occurrence,311997,0.384971650368433,2.6405832013581505,2.8946362462655344,0.2640697733842536,0.2894782807561005,2.722101299579118,2.586711027959644,2.6018478285133737,1.8433259340986798
louo_recent,11,occurrence,75,M1,logreg,rule_upm_count_prevyear,2.722101299579118,True,True,True,68034,23781,0.3495458153276303,0.9797178130511464,0.95326278659612,0.27273874101173207,2.802830902532345,2.727146899763695,0.27273874101173207,0.8362572121976951,0.8901452547025447,0.130007562889637,occurrence,311997,0.384971650368433,2.6330039860558503,2.8749188145682316,0.2633146933840605,0.2875127394146401,2.722101299579118,2.586711027959644,2.6018478285133737,1.8433259340986798
louo_recent,11,severity_labour,75,M0,gbdt,rule_upm_labour_prevyear,6.668921454706813,True,True,True,68034,2345,0.03446806008760326,0.4021164021164021,0.24794238683127573,0.7194029850746269,11.666348529461535,7.193395456579536,0.7194029850746269,0.455666042889714,0.8925978363965551,0.10298354525864051,severity_labour,311997,0.09096241310012597,6.777443258121585,7.615291852555802,0.6777907301426132,0.7615350545886713,6.660393422156037,6.4130804781835336,6.668921454706813,2.984811392771592
louo_recent,11,severity_labour,75,M0,logreg,rule_upm_labour_prevyear,6.668921454706813,True,True,True,68034,2345,0.03446806008760326,0.38830099941211055,0.24412110523221633,0.7083155650319829,11.265530999575065,7.082531033419448,0.7083155650319829,0.42861568081532553,0.8921296581965137,0.14253392099259715,severity_labour,311997,0.09096241310012597,6.6059405175927655,7.480207032115763,0.6606776732557356,0.7480578599697741,6.660393422156037,6.4130804781835336,6.668921454706813,2.984811392771592
louo_recent,11,severity_labour,75,M1,gbdt,rule_upm_labour_prevyear,6.668921454706813,True,True,True,68034,2345,0.03446806008760326,0.4024103468547913,0.2517636684303351,0.7304904051172708,11.674876562012312,7.304259879739623,0.7304904051172708,0.4829821948986279,0.8982966320493015,0.07291942382486644,severity_labour,311997,0.09096241310012597,6.933597144505075,7.676801559606371,0.6934296139074049,0.7677087718212208,6.660393422156037,6.4130804781835336,6.668921454706813,2.984811392771592
louo_recent,11,severity_labour,75,M1,logreg,rule_upm_labour_prevyear,6.668921454706813,True,True,True,68034,2345,0.03446806008760326,0.39124044679600234,0.24573780129335684,0.7130063965884862,11.350811325082823,7.1294352124487155,0.7130063965884862,0.40760654130616286,0.8932829442711262,0.1308607646324193,severity_labour,311997,0.09096241310012597,6.690192680010458,7.528170507071724,0.6690662723622107,0.7528355108294303,6.660393422156037,6.4130804781835336,6.668921454706813,2.984811392771592
